kecamatan_subdistrict,komoditas,y2020,y2021,y2022,y2023,name,no_komoditas,tabel
Paga,bawang_merah_shallots_ha_ha,-,-,-,-,bawang_merah,1,tbl_5.1
Paga,cabai_besar_chili_big_chili_ha_ha,2,...,...,...,cabai_besar,2,tbl_5.1
Paga,cabai_rawit_chili_cayenne_pepper_ha_ha,7,3,3,2,cabai_rawit,4,tbl_5.1
Paga,kentang_potato_ha_ha,-,-,-,-,kentang_potato,5,tbl_5.1
Paga,kubis_cabbage_ha_ha,-,-,-,-,kubis_cabbage,6,tbl_5.1
Paga,tomat_tomato_ha_ha,3,2,2,3,tomat_tomato,7,tbl_5.1
Paga,bawang_putih_garlic_ha_ha,-,-,-,-,bawang_putih,8,tbl_5.1
Mego,bawang_merah_shallots_ha_ha,3,-,-,-,bawang_merah,1,tbl_5.1
Mego,cabai_besar_chili_big_chili_ha_ha,10,...,...,...,cabai_besar,2,tbl_5.1
Mego,cabai_rawit_chili_cayenne_pepper_ha_ha,10,3,5,2,cabai_rawit,4,tbl_5.1
Mego,kentang_potato_ha_ha,-,-,-,-,kentang_potato,5,tbl_5.1
Mego,kubis_cabbage_ha_ha,-,-,-,-,kubis_cabbage,6,tbl_5.1
Mego,tomat_tomato_ha_ha,8,2,5,7,tomat_tomato,7,tbl_5.1
Mego,bawang_putih_garlic_ha_ha,-,-,-,-,bawang_putih,8,tbl_5.1
Tana Wawo,bawang_merah_shallots_ha_ha,7,7,5,4,bawang_merah,1,tbl_5.1
Tana Wawo,cabai_besar_chili_big_chili_ha_ha,5,...,...,...,cabai_besar,2,tbl_5.1
Tana Wawo,cabai_rawit_chili_cayenne_pepper_ha_ha,18,17,13,5,cabai_rawit,4,tbl_5.1
Tana Wawo,kentang_potato_ha_ha,-,-,-,0,kentang_potato,5,tbl_5.1
Tana Wawo,kubis_cabbage_ha_ha,-,1,-,-,kubis_cabbage,6,tbl_5.1
Tana Wawo,tomat_tomato_ha_ha,7,5,1,0,tomat_tomato,7,tbl_5.1
Tana Wawo,bawang_putih_garlic_ha_ha,-,-,-,-,bawang_putih,8,tbl_5.1
Lela,bawang_merah_shallots_ha_ha,-,-,-,-,bawang_merah,1,tbl_5.1
Lela,cabai_besar_chili_big_chili_ha_ha,-,...,...,...,cabai_besar,2,tbl_5.1
Lela,cabai_rawit_chili_cayenne_pepper_ha_ha,2,2,3,4,cabai_rawit,4,tbl_5.1
Lela,kentang_potato_ha_ha,-,-,-,-,kentang_potato,5,tbl_5.1
Lela,kubis_cabbage_ha_ha,-,-,-,-,kubis_cabbage,6,tbl_5.1
Lela,tomat_tomato_ha_ha,2,5,5,5,tomat_tomato,7,tbl_5.1
Lela,bawang_putih_garlic_ha_ha,-,-,-,-,bawang_putih,8,tbl_5.1
Bola,bawang_merah_shallots_ha_ha,-,-,-,-,bawang_merah,1,tbl_5.1
Bola,cabai_besar_chili_big_chili_ha_ha,-,...,...,...,cabai_besar,2,tbl_5.1
Bola,cabai_rawit_chili_cayenne_pepper_ha_ha,-,-,-,-,cabai_rawit,4,tbl_5.1
Bola,kentang_potato_ha_ha,-,-,-,-,kentang_potato,5,tbl_5.1
Bola,kubis_cabbage_ha_ha,-,-,-,-,kubis_cabbage,6,tbl_5.1
Bola,tomat_tomato_ha_ha,-,-,-,-,tomat_tomato,7,tbl_5.1
Bola,bawang_putih_garlic_ha_ha,-,-,-,-,bawang_putih,8,tbl_5.1
Doreng,bawang_merah_shallots_ha_ha,4,-,-,-,bawang_merah,1,tbl_5.1
Doreng,cabai_besar_chili_big_chili_ha_ha,-,...,...,...,cabai_besar,2,tbl_5.1
Doreng,cabai_rawit_chili_cayenne_pepper_ha_ha,-,-,-,-,cabai_rawit,4,tbl_5.1
Doreng,kentang_potato_ha_ha,-,-,-,-,kentang_potato,5,tbl_5.1
Doreng,kubis_cabbage_ha_ha,-,-,-,-,kubis_cabbage,6,tbl_5.1
Doreng,tomat_tomato_ha_ha,-,-,-,-,tomat_tomato,7,tbl_5.1
Doreng,bawang_putih_garlic_ha_ha,1,-,-,-,bawang_putih,8,tbl_5.1
Mapitara,bawang_merah_shallots_ha_ha,-,3,-,-,bawang_merah,1,tbl_5.1
Mapitara,cabai_besar_chili_big_chili_ha_ha,-,...,...,...,cabai_besar,2,tbl_5.1
Mapitara,cabai_rawit_chili_cayenne_pepper_ha_ha,5,6,1,-,cabai_rawit,4,tbl_5.1
Mapitara,kentang_potato_ha_ha,-,5,8,2,kentang_potato,5,tbl_5.1
Mapitara,kubis_cabbage_ha_ha,-,-,-,-,kubis_cabbage,6,tbl_5.1
Mapitara,tomat_tomato_ha_ha,1,1,1,1,tomat_tomato,7,tbl_5.1
Mapitara,bawang_putih_garlic_ha_ha,-,-,-,-,bawang_putih,8,tbl_5.1
Talibura,bawang_merah_shallots_ha_ha,1,3,1,1,bawang_merah,1,tbl_5.1
Talibura,cabai_besar_chili_big_chili_ha_ha,4,...,...,...,cabai_besar,2,tbl_5.1
Talibura,cabai_rawit_chili_cayenne_pepper_ha_ha,-,2,8,6,cabai_rawit,4,tbl_5.1
Talibura,kentang_potato_ha_ha,-,-,-,-,kentang_potato,5,tbl_5.1
Talibura,kubis_cabbage_ha_ha,2,2,1,-,kubis_cabbage,6,tbl_5.1
Talibura,tomat_tomato_ha_ha,3,3,7,5,tomat_tomato,7,tbl_5.1
Talibura,bawang_putih_garlic_ha_ha,-,-,-,-,bawang_putih,8,tbl_5.1
Waigete,bawang_merah_shallots_ha_ha,2,1,4,1,bawang_merah,1,tbl_5.1
Waigete,cabai_besar_chili_big_chili_ha_ha,-,...,...,...,cabai_besar,2,tbl_5.1
Waigete,cabai_rawit_chili_cayenne_pepper_ha_ha,2,5,5,4,cabai_rawit,4,tbl_5.1
Waigete,kentang_potato_ha_ha,-,-,-,-,kentang_potato,5,tbl_5.1
Waigete,kubis_cabbage_ha_ha,1,2,4,2,kubis_cabbage,6,tbl_5.1
Waigete,tomat_tomato_ha_ha,3,6,10,1,tomat_tomato,7,tbl_5.1
Waigete,bawang_putih_garlic_ha_ha,-,-,-,-,bawang_putih,8,tbl_5.1
Waiblama,bawang_merah_shallots_ha_ha,-,-,-,-,bawang_merah,1,tbl_5.1
Waiblama,cabai_besar_chili_big_chili_ha_ha,-,...,...,...,cabai_besar,2,tbl_5.1
Waiblama,cabai_rawit_chili_cayenne_pepper_ha_ha,4,1,-,-,cabai_rawit,4,tbl_5.1
Waiblama,kentang_potato_ha_ha,-,-,-,-,kentang_potato,5,tbl_5.1
Waiblama,kubis_cabbage_ha_ha,-,-,-,-,kubis_cabbage,6,tbl_5.1
Waiblama,tomat_tomato_ha_ha,-,1,1,-,tomat_tomato,7,tbl_5.1
Waiblama,bawang_putih_garlic_ha_ha,-,-,-,-,bawang_putih,8,tbl_5.1
Kewapante,bawang_merah_shallots_ha_ha,1,-,-,0,bawang_merah,1,tbl_5.1
Kewapante,cabai_besar_chili_big_chili_ha_ha,2,...,...,...,cabai_besar,2,tbl_5.1
Kewapante,cabai_rawit_chili_cayenne_pepper_ha_ha,-,0,1,0,cabai_rawit,4,tbl_5.1
Kewapante,kentang_potato_ha_ha,-,-,-,-,kentang_potato,5,tbl_5.1
Kewapante,kubis_cabbage_ha_ha,-,-,-,-,kubis_cabbage,6,tbl_5.1
Kewapante,tomat_tomato_ha_ha,0,0,1,0,tomat_tomato,7,tbl_5.1
Kewapante,bawang_putih_garlic_ha_ha,-,-,-,-,bawang_putih,8,tbl_5.1
Hewokloang,bawang_merah_shallots_ha_ha,-,-,-,-,bawang_merah,1,tbl_5.1
Hewokloang,cabai_besar_chili_big_chili_ha_ha,-,...,...,...,cabai_besar,2,tbl_5.1
Hewokloang,cabai_rawit_chili_cayenne_pepper_ha_ha,-,1,-,1,cabai_rawit,4,tbl_5.1
Hewokloang,kentang_potato_ha_ha,-,-,-,-,kentang_potato,5,tbl_5.1
Hewokloang,kubis_cabbage_ha_ha,-,-,-,-,kubis_cabbage,6,tbl_5.1
Hewokloang,tomat_tomato_ha_ha,-,-,-,1,tomat_tomato,7,tbl_5.1
Hewokloang,bawang_putih_garlic_ha_ha,-,-,-,-,bawang_putih,8,tbl_5.1
Kangae,bawang_merah_shallots_ha_ha,-,1,-,1,bawang_merah,1,tbl_5.1
Kangae,cabai_besar_chili_big_chili_ha_ha,1,...,...,...,cabai_besar,2,tbl_5.1
Kangae,cabai_rawit_chili_cayenne_pepper_ha_ha,-,-,3,2,cabai_rawit,4,tbl_5.1
Kangae,kentang_potato_ha_ha,-,-,-,-,kentang_potato,5,tbl_5.1
Kangae,kubis_cabbage_ha_ha,-,-,-,-,kubis_cabbage,6,tbl_5.1
Kangae,tomat_tomato_ha_ha,1,1,3,8,tomat_tomato,7,tbl_5.1
Kangae,bawang_putih_garlic_ha_ha,-,-,-,-,bawang_putih,8,tbl_5.1
Palue,bawang_merah_shallots_ha_ha,-,-,-,-,bawang_merah,1,tbl_5.1
Palue,cabai_besar_chili_big_chili_ha_ha,-,...,...,...,cabai_besar,2,tbl_5.1
Palue,cabai_rawit_chili_cayenne_pepper_ha_ha,-,0,0,0,cabai_rawit,4,tbl_5.1
Palue,kentang_potato_ha_ha,-,-,-,-,kentang_potato,5,tbl_5.1
Palue,kubis_cabbage_ha_ha,-,-,-,-,kubis_cabbage,6,tbl_5.1
Palue,tomat_tomato_ha_ha,-,-,-,0,tomat_tomato,7,tbl_5.1
Palue,bawang_putih_garlic_ha_ha,-,-,-,-,bawang_putih,8,tbl_5.1
Koting,bawang_merah_shallots_ha_ha,-,-,-,-,bawang_merah,1,tbl_5.1
Koting,cabai_besar_chili_big_chili_ha_ha,2,...,...,...,cabai_besar,2,tbl_5.1
Koting,cabai_rawit_chili_cayenne_pepper_ha_ha,1,2,1,1,cabai_rawit,4,tbl_5.1
Koting,kentang_potato_ha_ha,-,-,-,-,kentang_potato,5,tbl_5.1
Koting,kubis_cabbage_ha_ha,-,-,-,-,kubis_cabbage,6,tbl_5.1
Koting,tomat_tomato_ha_ha,2,1,1,0,tomat_tomato,7,tbl_5.1
Koting,bawang_putih_garlic_ha_ha,-,-,-,-,bawang_putih,8,tbl_5.1
Nelle,bawang_merah_shallots_ha_ha,-,-,-,-,bawang_merah,1,tbl_5.1
Nelle,cabai_besar_chili_big_chili_ha_ha,0,...,...,...,cabai_besar,2,tbl_5.1
Nelle,cabai_rawit_chili_cayenne_pepper_ha_ha,1,1,0,1,cabai_rawit,4,tbl_5.1
Nelle,kentang_potato_ha_ha,-,-,-,-,kentang_potato,5,tbl_5.1
Nelle,kubis_cabbage_ha_ha,-,-,-,-,kubis_cabbage,6,tbl_5.1
Nelle,tomat_tomato_ha_ha,0,1,1,1,tomat_tomato,7,tbl_5.1
Nelle,bawang_putih_garlic_ha_ha,-,-,-,-,bawang_putih,8,tbl_5.1
Nita,bawang_merah_shallots_ha_ha,-,-,-,-,bawang_merah,1,tbl_5.1
Nita,cabai_besar_chili_big_chili_ha_ha,7,...,...,...,cabai_besar,2,tbl_5.1
Nita,cabai_rawit_chili_cayenne_pepper_ha_ha,6,7,18,12,cabai_rawit,4,tbl_5.1
Nita,kentang_potato_ha_ha,-,-,-,1,kentang_potato,5,tbl_5.1
Nita,kubis_cabbage_ha_ha,0,1,-,-,kubis_cabbage,6,tbl_5.1
Nita,tomat_tomato_ha_ha,14,13,25,27,tomat_tomato,7,tbl_5.1
Nita,bawang_putih_garlic_ha_ha,-,-,-,-,bawang_putih,8,tbl_5.1
Magepanda,bawang_merah_shallots_ha_ha,7,3,3,5,bawang_merah,1,tbl_5.1
Magepanda,cabai_besar_chili_big_chili_ha_ha,10,...,...,...,cabai_besar,2,tbl_5.1
Magepanda,cabai_rawit_chili_cayenne_pepper_ha_ha,15,6,4,0,cabai_rawit,4,tbl_5.1
Magepanda,kentang_potato_ha_ha,-,-,-,-,kentang_potato,5,tbl_5.1
Magepanda,kubis_cabbage_ha_ha,-,-,-,-,kubis_cabbage,6,tbl_5.1
Magepanda,tomat_tomato_ha_ha,10,14,2,7,tomat_tomato,7,tbl_5.1
Magepanda,bawang_putih_garlic_ha_ha,-,-,-,-,bawang_putih,8,tbl_5.1
Alok,bawang_merah_shallots_ha_ha,2,-,1,1,bawang_merah,1,tbl_5.1
Alok,cabai_besar_chili_big_chili_ha_ha,2,...,...,...,cabai_besar,2,tbl_5.1
Alok,cabai_rawit_chili_cayenne_pepper_ha_ha,3,0,1,1,cabai_rawit,4,tbl_5.1
Alok,kentang_potato_ha_ha,-,-,-,-,kentang_potato,5,tbl_5.1
Alok,kubis_cabbage_ha_ha,-,-,-,-,kubis_cabbage,6,tbl_5.1
Alok,tomat_tomato_ha_ha,-,0,2,1,tomat_tomato,7,tbl_5.1
Alok,bawang_putih_garlic_ha_ha,-,-,-,-,bawang_putih,8,tbl_5.1
Alok Barat,bawang_merah_shallots_ha_ha,3,5,9,6,bawang_merah,1,tbl_5.1
Alok Barat,cabai_besar_chili_big_chili_ha_ha,2,...,...,...,cabai_besar,2,tbl_5.1
Alok Barat,cabai_rawit_chili_cayenne_pepper_ha_ha,2,1,1,1,cabai_rawit,4,tbl_5.1
Alok Barat,kentang_potato_ha_ha,-,-,-,-,kentang_potato,5,tbl_5.1
Alok Barat,kubis_cabbage_ha_ha,-,-,-,-,kubis_cabbage,6,tbl_5.1
Alok Barat,tomat_tomato_ha_ha,14,7,4,2,tomat_tomato,7,tbl_5.1
Alok Barat,bawang_putih_garlic_ha_ha,-,-,-,-,bawang_putih,8,tbl_5.1
Alok Timur,bawang_merah_shallots_ha_ha,-,-,-,-,bawang_merah,1,tbl_5.1
Alok Timur,cabai_besar_chili_big_chili_ha_ha,-,...,...,...,cabai_besar,2,tbl_5.1
Alok Timur,cabai_rawit_chili_cayenne_pepper_ha_ha,-,-,-,-,cabai_rawit,4,tbl_5.1
Alok Timur,kentang_potato_ha_ha,-,-,-,-,kentang_potato,5,tbl_5.1
Alok Timur,kubis_cabbage_ha_ha,-,-,-,-,kubis_cabbage,6,tbl_5.1
Alok Timur,tomat_tomato_ha_ha,-,-,-,-,tomat_tomato,7,tbl_5.1
Alok Timur,bawang_putih_garlic_ha_ha,-,-,-,-,bawang_putih,8,tbl_5.1
Sikka,bawang_merah_shallots_ha_ha,29,23,23,19,bawang_merah,1,tbl_5.1
Sikka,cabai_besar_chili_big_chili_ha_ha,46,...,...,...,cabai_besar,2,tbl_5.1
Sikka,cabai_rawit_chili_cayenne_pepper_ha_ha,75,56,67,41,cabai_rawit,4,tbl_5.1
Sikka,kentang_potato_ha_ha,-,5,8,3,kentang_potato,5,tbl_5.1
Sikka,kubis_cabbage_ha_ha,3,5,4,2,kubis_cabbage,6,tbl_5.1
Sikka,tomat_tomato_ha_ha,65,61,69,68,tomat_tomato,7,tbl_5.1
Sikka,bawang_putih_garlic_ha_ha,1,-,-,-,bawang_putih,8,tbl_5.1
Paga,cabai_besar_tw_teropong_chili_big_chili_ha_ha,...,-,1,-,cabai_besar,2,tbl_5.1
Paga,cabai_keriting_chili_curly_chili_ha_ha,...,2,4,3,cabai_keriting,3,tbl_5.1
Mego,cabai_besar_tw_teropong_chili_big_chili_ha_ha,...,2,1,1,cabai_besar,2,tbl_5.1
Mego,cabai_keriting_chili_curly_chili_ha_ha,...,1,2,1,cabai_keriting,3,tbl_5.1
Tana Wawo,cabai_besar_tw_teropong_chili_big_chili_ha_ha,...,3,2,0,cabai_besar,2,tbl_5.1
Tana Wawo,cabai_keriting_chili_curly_chili_ha_ha,...,2,2,-,cabai_keriting,3,tbl_5.1
Lela,cabai_besar_tw_teropong_chili_big_chili_ha_ha,...,0,1,0,cabai_besar,2,tbl_5.1
Lela,cabai_keriting_chili_curly_chili_ha_ha,...,0,0,1,cabai_keriting,3,tbl_5.1
Bola,cabai_besar_tw_teropong_chili_big_chili_ha_ha,...,-,-,-,cabai_besar,2,tbl_5.1
Bola,cabai_keriting_chili_curly_chili_ha_ha,...,-,-,-,cabai_keriting,3,tbl_5.1
Doreng,cabai_besar_tw_teropong_chili_big_chili_ha_ha,...,-,-,-,cabai_besar,2,tbl_5.1
Doreng,cabai_keriting_chili_curly_chili_ha_ha,...,-,-,-,cabai_keriting,3,tbl_5.1
Mapitara,cabai_besar_tw_teropong_chili_big_chili_ha_ha,...,-,-,-,cabai_besar,2,tbl_5.1
Mapitara,cabai_keriting_chili_curly_chili_ha_ha,...,-,-,1,cabai_keriting,3,tbl_5.1
Talibura,cabai_besar_tw_teropong_chili_big_chili_ha_ha,...,4,-,-,cabai_besar,2,tbl_5.1
Talibura,cabai_keriting_chili_curly_chili_ha_ha,...,-,-,-,cabai_keriting,3,tbl_5.1
Waigete,cabai_besar_tw_teropong_chili_big_chili_ha_ha,...,0,1,1,cabai_besar,2,tbl_5.1
Waigete,cabai_keriting_chili_curly_chili_ha_ha,...,0,2,1,cabai_keriting,3,tbl_5.1
Waiblama,cabai_besar_tw_teropong_chili_big_chili_ha_ha,...,-,-,-,cabai_besar,2,tbl_5.1
Waiblama,cabai_keriting_chili_curly_chili_ha_ha,...,2,-,-,cabai_keriting,3,tbl_5.1
Kewapante,cabai_besar_tw_teropong_chili_big_chili_ha_ha,...,0,-,-,cabai_besar,2,tbl_5.1
Kewapante,cabai_keriting_chili_curly_chili_ha_ha,...,0,0,-,cabai_keriting,3,tbl_5.1
Hewokloang,cabai_besar_tw_teropong_chili_big_chili_ha_ha,...,-,-,-,cabai_besar,2,tbl_5.1
Hewokloang,cabai_keriting_chili_curly_chili_ha_ha,...,-,-,0,cabai_keriting,3,tbl_5.1
Kangae,cabai_besar_tw_teropong_chili_big_chili_ha_ha,...,-,1,1,cabai_besar,2,tbl_5.1
Kangae,cabai_keriting_chili_curly_chili_ha_ha,...,0,2,-,cabai_keriting,3,tbl_5.1
Palue,cabai_besar_tw_teropong_chili_big_chili_ha_ha,...,-,-,0,cabai_besar,2,tbl_5.1
Palue,cabai_keriting_chili_curly_chili_ha_ha,...,-,1,-,cabai_keriting,3,tbl_5.1
Koting,cabai_besar_tw_teropong_chili_big_chili_ha_ha,...,2,1,1,cabai_besar,2,tbl_5.1
Koting,cabai_keriting_chili_curly_chili_ha_ha,...,-,1,1,cabai_keriting,3,tbl_5.1
Nelle,cabai_besar_tw_teropong_chili_big_chili_ha_ha,...,0,0,0,cabai_besar,2,tbl_5.1
Nelle,cabai_keriting_chili_curly_chili_ha_ha,...,1,0,0,cabai_keriting,3,tbl_5.1
Nita,cabai_besar_tw_teropong_chili_big_chili_ha_ha,...,6,14,13,cabai_besar,2,tbl_5.1
Nita,cabai_keriting_chili_curly_chili_ha_ha,...,7,21,18,cabai_keriting,3,tbl_5.1
Magepanda,cabai_besar_tw_teropong_chili_big_chili_ha_ha,...,4,-,-,cabai_besar,2,tbl_5.1
Magepanda,cabai_keriting_chili_curly_chili_ha_ha,...,-,-,-,cabai_keriting,3,tbl_5.1
Alok,cabai_besar_tw_teropong_chili_big_chili_ha_ha,...,1,0,0,cabai_besar,2,tbl_5.1
Alok,cabai_keriting_chili_curly_chili_ha_ha,...,1,1,1,cabai_keriting,3,tbl_5.1
Alok Barat,cabai_besar_tw_teropong_chili_big_chili_ha_ha,...,3,1,1,cabai_besar,2,tbl_5.1
Alok Barat,cabai_keriting_chili_curly_chili_ha_ha,...,2,1,2,cabai_keriting,3,tbl_5.1
Alok Timur,cabai_besar_tw_teropong_chili_big_chili_ha_ha,...,-,-,-,cabai_besar,2,tbl_5.1
Alok Timur,cabai_keriting_chili_curly_chili_ha_ha,...,-,-,-,cabai_keriting,3,tbl_5.1
Sikka,cabai_besar_tw_teropong_chili_big_chili_ha_ha,...,25,22,19,cabai_besar,2,tbl_5.1
Sikka,cabai_keriting_chili_curly_chili_ha_ha,...,17,35,29,cabai_keriting,3,tbl_5.1
Paga,bawang_merah_shallots_kw_qui,-,-,-,-,bawang_merah,1,tbl_5.2
Paga,cabai_besar_chili_big_chili_kw_qui,100,...,...,...,cabai_besar,2,tbl_5.2
Paga,cabai_rawit_chili_cayenne_pepper_kw_qui,992,385,516,519,cabai_rawit,4,tbl_5.2
Paga,kentang_potato_kw_qui,-,-,-,-,kentang_potato,5,tbl_5.2
Paga,kubis_cabbage_kw_qui,-,-,-,-,kubis_cabbage,6,tbl_5.2
Paga,tomat_tomato_kw_qui,921,700,231,670,tomat_tomato,7,tbl_5.2
Paga,bawang_putih_garlic_kw_qui,-,-,-,-,bawang_putih,8,tbl_5.2
Mego,bawang_merah_shallots_kw_qui,31,-,-,-,bawang_merah,1,tbl_5.2
Mego,cabai_besar_chili_big_chili_kw_qui,517,...,...,...,cabai_besar,2,tbl_5.2
Mego,cabai_rawit_chili_cayenne_pepper_kw_qui,545,68,61,6,cabai_rawit,4,tbl_5.2
Mego,kentang_potato_kw_qui,-,-,-,-,kentang_potato,5,tbl_5.2
Mego,kubis_cabbage_kw_qui,-,-,-,-,kubis_cabbage,6,tbl_5.2
Mego,tomat_tomato_kw_qui,348,114,141,32,tomat_tomato,7,tbl_5.2
Mego,bawang_putih_garlic_kw_qui,-,-,-,-,bawang_putih,8,tbl_5.2
Tana Wawo,bawang_merah_shallots_kw_qui,497,23,24,23,bawang_merah,1,tbl_5.2
Tana Wawo,cabai_besar_chili_big_chili_kw_qui,735,...,...,...,cabai_besar,2,tbl_5.2
Tana Wawo,cabai_rawit_chili_cayenne_pepper_kw_qui,3.300,92,104,40,cabai_rawit,4,tbl_5.2
Tana Wawo,kentang_potato_kw_qui,-,-,-,12,kentang_potato,5,tbl_5.2
Tana Wawo,kubis_cabbage_kw_qui,-,40,-,-,kubis_cabbage,6,tbl_5.2
Tana Wawo,tomat_tomato_kw_qui,231,22,2,1,tomat_tomato,7,tbl_5.2
Tana Wawo,bawang_putih_garlic_kw_qui,-,-,-,-,bawang_putih,8,tbl_5.2
Lela,bawang_merah_shallots_kw_qui,-,-,-,-,bawang_merah,1,tbl_5.2
Lela,cabai_besar_chili_big_chili_kw_qui,-,...,...,...,cabai_besar,2,tbl_5.2
Lela,cabai_rawit_chili_cayenne_pepper_kw_qui,233,141,145,67,cabai_rawit,4,tbl_5.2
Lela,kentang_potato_kw_qui,-,-,-,-,kentang_potato,5,tbl_5.2
Lela,kubis_cabbage_kw_qui,-,-,-,-,kubis_cabbage,6,tbl_5.2
Lela,tomat_tomato_kw_qui,371,563,825,410,tomat_tomato,7,tbl_5.2
Lela,bawang_putih_garlic_kw_qui,-,-,-,-,bawang_putih,8,tbl_5.2
Bola,bawang_merah_shallots_kw_qui,-,-,-,-,bawang_merah,1,tbl_5.2
Bola,cabai_besar_chili_big_chili_kw_qui,-,...,...,...,cabai_besar,2,tbl_5.2
Bola,cabai_rawit_chili_cayenne_pepper_kw_qui,-,-,-,-,cabai_rawit,4,tbl_5.2
Bola,kentang_potato_kw_qui,-,-,-,-,kentang_potato,5,tbl_5.2
Bola,kubis_cabbage_kw_qui,-,-,-,-,kubis_cabbage,6,tbl_5.2
Bola,tomat_tomato_kw_qui,-,-,-,-,tomat_tomato,7,tbl_5.2
Bola,bawang_putih_garlic_kw_qui,-,-,-,-,bawang_putih,8,tbl_5.2
Doreng,bawang_merah_shallots_kw_qui,35,-,-,-,bawang_merah,1,tbl_5.2
Doreng,cabai_besar_chili_big_chili_kw_qui,-,...,...,...,cabai_besar,2,tbl_5.2
Doreng,cabai_rawit_chili_cayenne_pepper_kw_qui,-,-,-,-,cabai_rawit,4,tbl_5.2
Doreng,kentang_potato_kw_qui,-,-,-,-,kentang_potato,5,tbl_5.2
Doreng,kubis_cabbage_kw_qui,-,-,-,-,kubis_cabbage,6,tbl_5.2
Doreng,tomat_tomato_kw_qui,-,-,-,-,tomat_tomato,7,tbl_5.2
Doreng,bawang_putih_garlic_kw_qui,4,-,-,-,bawang_putih,8,tbl_5.2
Mapitara,bawang_merah_shallots_kw_qui,-,151,-,-,bawang_merah,1,tbl_5.2
Mapitara,cabai_besar_chili_big_chili_kw_qui,-,...,...,...,cabai_besar,2,tbl_5.2
Mapitara,cabai_rawit_chili_cayenne_pepper_kw_qui,400,1.179,15,-,cabai_rawit,4,tbl_5.2
Mapitara,kentang_potato_kw_qui,-,609,650,200,kentang_potato,5,tbl_5.2
Mapitara,kubis_cabbage_kw_qui,-,-,-,-,kubis_cabbage,6,tbl_5.2
Mapitara,tomat_tomato_kw_qui,24,182,65,44,tomat_tomato,7,tbl_5.2
Mapitara,bawang_putih_garlic_kw_qui,-,-,-,-,bawang_putih,8,tbl_5.2
Talibura,bawang_merah_shallots_kw_qui,50,6,2,12,bawang_merah,1,tbl_5.2
Talibura,cabai_besar_chili_big_chili_kw_qui,170,...,...,...,cabai_besar,2,tbl_5.2
Talibura,cabai_rawit_chili_cayenne_pepper_kw_qui,-,25,51,56,cabai_rawit,4,tbl_5.2
Talibura,kentang_potato_kw_qui,-,-,-,-,kentang_potato,5,tbl_5.2
Talibura,kubis_cabbage_kw_qui,375,4,1,-,kubis_cabbage,6,tbl_5.2
Talibura,tomat_tomato_kw_qui,380,12,18,24,tomat_tomato,7,tbl_5.2
Talibura,bawang_putih_garlic_kw_qui,-,-,-,-,bawang_putih,8,tbl_5.2
Waigete,bawang_merah_shallots_kw_qui,128,33,9,7,bawang_merah,1,tbl_5.2
Waigete,cabai_besar_chili_big_chili_kw_qui,-,...,...,...,cabai_besar,2,tbl_5.2
Waigete,cabai_rawit_chili_cayenne_pepper_kw_qui,45,49,119,22,cabai_rawit,4,tbl_5.2
Waigete,kentang_potato_kw_qui,-,-,-,-,kentang_potato,5,tbl_5.2
Waigete,kubis_cabbage_kw_qui,23,5,8,28,kubis_cabbage,6,tbl_5.2
Waigete,tomat_tomato_kw_qui,364,98,49,6,tomat_tomato,7,tbl_5.2
Waigete,bawang_putih_garlic_kw_qui,-,-,-,-,bawang_putih,8,tbl_5.2
Waiblama,bawang_merah_shallots_kw_qui,-,-,-,-,bawang_merah,1,tbl_5.2
Waiblama,cabai_besar_chili_big_chili_kw_qui,-,...,...,...,cabai_besar,2,tbl_5.2
Waiblama,cabai_rawit_chili_cayenne_pepper_kw_qui,15,2,-,-,cabai_rawit,4,tbl_5.2
Waiblama,kentang_potato_kw_qui,-,-,-,-,kentang_potato,5,tbl_5.2
Waiblama,kubis_cabbage_kw_qui,-,-,-,-,kubis_cabbage,6,tbl_5.2
Waiblama,tomat_tomato_kw_qui,-,1,145,-,tomat_tomato,7,tbl_5.2
Waiblama,bawang_putih_garlic_kw_qui,-,-,-,-,bawang_putih,8,tbl_5.2
Kewapante,bawang_merah_shallots_kw_qui,1,-,-,1,bawang_merah,1,tbl_5.2
Kewapante,cabai_besar_chili_big_chili_kw_qui,110,...,...,...,cabai_besar,2,tbl_5.2
Kewapante,cabai_rawit_chili_cayenne_pepper_kw_qui,-,3,12,5,cabai_rawit,4,tbl_5.2
Kewapante,kentang_potato_kw_qui,-,-,-,-,kentang_potato,5,tbl_5.2
Kewapante,kubis_cabbage_kw_qui,-,-,-,-,kubis_cabbage,6,tbl_5.2
Kewapante,tomat_tomato_kw_qui,35,25,35,4,tomat_tomato,7,tbl_5.2
Kewapante,bawang_putih_garlic_kw_qui,-,-,-,-,bawang_putih,8,tbl_5.2
Hewokloang,bawang_merah_shallots_kw_qui,-,-,-,-,bawang_merah,1,tbl_5.2
Hewokloang,cabai_besar_chili_big_chili_kw_qui,-,...,...,...,cabai_besar,2,tbl_5.2
Hewokloang,cabai_rawit_chili_cayenne_pepper_kw_qui,-,24,-,3,cabai_rawit,4,tbl_5.2
Hewokloang,kentang_potato_kw_qui,-,-,-,-,kentang_potato,5,tbl_5.2
Hewokloang,kubis_cabbage_kw_qui,-,-,-,-,kubis_cabbage,6,tbl_5.2
Hewokloang,tomat_tomato_kw_qui,-,-,-,2,tomat_tomato,7,tbl_5.2
Hewokloang,bawang_putih_garlic_kw_qui,-,-,-,-,bawang_putih,8,tbl_5.2
Kangae,bawang_merah_shallots_kw_qui,-,14,-,4,bawang_merah,1,tbl_5.2
Kangae,cabai_besar_chili_big_chili_kw_qui,160,...,...,...,cabai_besar,2,tbl_5.2
Kangae,cabai_rawit_chili_cayenne_pepper_kw_qui,-,-,20,10,cabai_rawit,4,tbl_5.2
Kangae,kentang_potato_kw_qui,-,-,-,-,kentang_potato,5,tbl_5.2
Kangae,kubis_cabbage_kw_qui,-,-,-,-,kubis_cabbage,6,tbl_5.2
Kangae,tomat_tomato_kw_qui,108,150,167,26,tomat_tomato,7,tbl_5.2
Kangae,bawang_putih_garlic_kw_qui,-,-,-,-,bawang_putih,8,tbl_5.2
Palue,bawang_merah_shallots_kw_qui,-,-,-,-,bawang_merah,1,tbl_5.2
Palue,cabai_besar_chili_big_chili_kw_qui,-,...,...,...,cabai_besar,2,tbl_5.2
Palue,cabai_rawit_chili_cayenne_pepper_kw_qui,-,2,3,2,cabai_rawit,4,tbl_5.2
Palue,kentang_potato_kw_qui,-,-,-,-,kentang_potato,5,tbl_5.2
Palue,kubis_cabbage_kw_qui,-,-,-,-,kubis_cabbage,6,tbl_5.2
Palue,tomat_tomato_kw_qui,-,-,-,1,tomat_tomato,7,tbl_5.2
Palue,bawang_putih_garlic_kw_qui,-,-,-,-,bawang_putih,8,tbl_5.2
Koting,bawang_merah_shallots_kw_qui,-,-,-,-,bawang_merah,1,tbl_5.2
Koting,cabai_besar_chili_big_chili_kw_qui,258,...,...,...,cabai_besar,2,tbl_5.2
Koting,cabai_rawit_chili_cayenne_pepper_kw_qui,64,467,8,5,cabai_rawit,4,tbl_5.2
Koting,kentang_potato_kw_qui,-,-,-,-,kentang_potato,5,tbl_5.2
Koting,kubis_cabbage_kw_qui,-,-,-,-,kubis_cabbage,6,tbl_5.2
Koting,tomat_tomato_kw_qui,90,41,3,1,tomat_tomato,7,tbl_5.2
Koting,bawang_putih_garlic_kw_qui,-,-,-,-,bawang_putih,8,tbl_5.2
Nelle,bawang_merah_shallots_kw_qui,-,-,-,-,bawang_merah,1,tbl_5.2
Nelle,cabai_besar_chili_big_chili_kw_qui,6,...,...,...,cabai_besar,2,tbl_5.2
Nelle,cabai_rawit_chili_cayenne_pepper_kw_qui,38,25,2,1,cabai_rawit,4,tbl_5.2
Nelle,kentang_potato_kw_qui,-,-,-,-,kentang_potato,5,tbl_5.2
Nelle,kubis_cabbage_kw_qui,-,-,-,-,kubis_cabbage,6,tbl_5.2
Nelle,tomat_tomato_kw_qui,24,109,77,7,tomat_tomato,7,tbl_5.2
Nelle,bawang_putih_garlic_kw_qui,-,-,-,-,bawang_putih,8,tbl_5.2
Nita,bawang_merah_shallots_kw_qui,-,-,-,-,bawang_merah,1,tbl_5.2
Nita,cabai_besar_chili_big_chili_kw_qui,705,...,...,...,cabai_besar,2,tbl_5.2
Nita,cabai_rawit_chili_cayenne_pepper_kw_qui,884,270,1.250,1.287,cabai_rawit,4,tbl_5.2
Nita,kentang_potato_kw_qui,-,-,-,100,kentang_potato,5,tbl_5.2
Nita,kubis_cabbage_kw_qui,7,200,-,-,kubis_cabbage,6,tbl_5.2
Nita,tomat_tomato_kw_qui,4.310,4.330,7.200,6.797,tomat_tomato,7,tbl_5.2
Nita,bawang_putih_garlic_kw_qui,-,-,-,-,bawang_putih,8,tbl_5.2
Magepanda,bawang_merah_shallots_kw_qui,1.170,11,49,300,bawang_merah,1,tbl_5.2
Magepanda,cabai_besar_chili_big_chili_kw_qui,113,...,...,...,cabai_besar,2,tbl_5.2
Magepanda,cabai_rawit_chili_cayenne_pepper_kw_qui,389,393,18,1,cabai_rawit,4,tbl_5.2
Magepanda,kentang_potato_kw_qui,-,-,-,-,kentang_potato,5,tbl_5.2
Magepanda,kubis_cabbage_kw_qui,-,-,-,-,kubis_cabbage,6,tbl_5.2
Magepanda,tomat_tomato_kw_qui,74,72,2,369,tomat_tomato,7,tbl_5.2
Magepanda,bawang_putih_garlic_kw_qui,-,-,-,-,bawang_putih,8,tbl_5.2
Alok,bawang_merah_shallots_kw_qui,52,-,1,27,bawang_merah,1,tbl_5.2
Alok,cabai_besar_chili_big_chili_kw_qui,168,...,...,...,cabai_besar,2,tbl_5.2
Alok,cabai_rawit_chili_cayenne_pepper_kw_qui,254,7,4,94,cabai_rawit,4,tbl_5.2
Alok,kentang_potato_kw_qui,-,-,-,-,kentang_potato,5,tbl_5.2
Alok,kubis_cabbage_kw_qui,-,-,-,-,kubis_cabbage,6,tbl_5.2
Alok,tomat_tomato_kw_qui,-,1,6,574,tomat_tomato,7,tbl_5.2
Alok,bawang_putih_garlic_kw_qui,-,-,-,-,bawang_putih,8,tbl_5.2
Alok Barat,bawang_merah_shallots_kw_qui,148,141,720,116,bawang_merah,1,tbl_5.2
Alok Barat,cabai_besar_chili_big_chili_kw_qui,72,...,...,...,cabai_besar,2,tbl_5.2
Alok Barat,cabai_rawit_chili_cayenne_pepper_kw_qui,259,8,80,10,cabai_rawit,4,tbl_5.2
Alok Barat,kentang_potato_kw_qui,-,-,-,-,kentang_potato,5,tbl_5.2
Alok Barat,kubis_cabbage_kw_qui,-,-,-,-,kubis_cabbage,6,tbl_5.2
Alok Barat,tomat_tomato_kw_qui,1.377,90,346,47,tomat_tomato,7,tbl_5.2
Alok Barat,bawang_putih_garlic_kw_qui,-,-,-,-,bawang_putih,8,tbl_5.2
Alok Timur,bawang_merah_shallots_kw_qui,-,-,-,-,bawang_merah,1,tbl_5.2
Alok Timur,cabai_besar_chili_big_chili_kw_qui,-,...,...,...,cabai_besar,2,tbl_5.2
Alok Timur,cabai_rawit_chili_cayenne_pepper_kw_qui,-,-,-,-,cabai_rawit,4,tbl_5.2
Alok Timur,kentang_potato_kw_qui,-,-,-,-,kentang_potato,5,tbl_5.2
Alok Timur,kubis_cabbage_kw_qui,-,-,-,-,kubis_cabbage,6,tbl_5.2
Alok Timur,tomat_tomato_kw_qui,-,-,-,-,tomat_tomato,7,tbl_5.2
Alok Timur,bawang_putih_garlic_kw_qui,-,-,-,-,bawang_putih,8,tbl_5.2
Sikka,bawang_merah_shallots_kw_qui,2.112,378,805,490,bawang_merah,1,tbl_5.2
Sikka,cabai_besar_chili_big_chili_kw_qui,3.113,...,...,...,cabai_besar,2,tbl_5.2
Sikka,cabai_rawit_chili_cayenne_pepper_kw_qui,7.418,3.140,2.408,2.129,cabai_rawit,4,tbl_5.2
Sikka,kentang_potato_kw_qui,-,609,650,312,kentang_potato,5,tbl_5.2
Sikka,kubis_cabbage_kw_qui,405,249,9,28,kubis_cabbage,6,tbl_5.2
Sikka,tomat_tomato_kw_qui,8.657,6.510,9.312,9.015,tomat_tomato,7,tbl_5.2
Sikka,bawang_putih_garlic_kw_qui,4,-,-,-,bawang_putih,8,tbl_5.2
Paga,cabai_besar_tw_teropong_chili_big_chili_kw_qui,...,-,100,-,cabai_besar,2,tbl_5.2
Paga,cabai_keriting_chili_curly_chili_kw_qui,...,246,430,626,cabai_keriting,3,tbl_5.2
Mego,cabai_besar_tw_teropong_chili_big_chili_kw_qui,...,54,23,7,cabai_besar,2,tbl_5.2
Mego,cabai_keriting_chili_curly_chili_kw_qui,...,28,47,8,cabai_keriting,3,tbl_5.2
Tana Wawo,cabai_besar_tw_teropong_chili_big_chili_kw_qui,...,11,4,52,cabai_besar,2,tbl_5.2
Tana Wawo,cabai_keriting_chili_curly_chili_kw_qui,...,9,5,-,cabai_keriting,3,tbl_5.2
Lela,cabai_besar_tw_teropong_chili_big_chili_kw_qui,...,42,14,1,cabai_besar,2,tbl_5.2
Lela,cabai_keriting_chili_curly_chili_kw_qui,...,6,2,13,cabai_keriting,3,tbl_5.2
Bola,cabai_besar_tw_teropong_chili_big_chili_kw_qui,...,-,-,-,cabai_besar,2,tbl_5.2
Bola,cabai_keriting_chili_curly_chili_kw_qui,...,-,-,-,cabai_keriting,3,tbl_5.2
Doreng,cabai_besar_tw_teropong_chili_big_chili_kw_qui,...,-,-,-,cabai_besar,2,tbl_5.2
Doreng,cabai_keriting_chili_curly_chili_kw_qui,...,-,-,-,cabai_keriting,3,tbl_5.2
Mapitara,cabai_besar_tw_teropong_chili_big_chili_kw_qui,...,-,-,-,cabai_besar,2,tbl_5.2
Mapitara,cabai_keriting_chili_curly_chili_kw_qui,...,-,-,32,cabai_keriting,3,tbl_5.2
Talibura,cabai_besar_tw_teropong_chili_big_chili_kw_qui,...,24,-,-,cabai_besar,2,tbl_5.2
Talibura,cabai_keriting_chili_curly_chili_kw_qui,...,-,-,-,cabai_keriting,3,tbl_5.2
Waigete,cabai_besar_tw_teropong_chili_big_chili_kw_qui,...,6,4,5,cabai_besar,2,tbl_5.2
Waigete,cabai_keriting_chili_curly_chili_kw_qui,...,8,14,11,cabai_keriting,3,tbl_5.2
Waiblama,cabai_besar_tw_teropong_chili_big_chili_kw_qui,...,-,-,-,cabai_besar,2,tbl_5.2
Waiblama,cabai_keriting_chili_curly_chili_kw_qui,...,3,-,-,cabai_keriting,3,tbl_5.2
Kewapante,cabai_besar_tw_teropong_chili_big_chili_kw_qui,...,10,-,-,cabai_besar,2,tbl_5.2
Kewapante,cabai_keriting_chili_curly_chili_kw_qui,...,9,0,-,cabai_keriting,3,tbl_5.2
Hewokloang,cabai_besar_tw_teropong_chili_big_chili_kw_qui,...,-,-,-,cabai_besar,2,tbl_5.2
Hewokloang,cabai_keriting_chili_curly_chili_kw_qui,...,-,-,0,cabai_keriting,3,tbl_5.2
Kangae,cabai_besar_tw_teropong_chili_big_chili_kw_qui,...,-,2,4,cabai_besar,2,tbl_5.2
Kangae,cabai_keriting_chili_curly_chili_kw_qui,...,10,13,-,cabai_keriting,3,tbl_5.2
Palue,cabai_besar_tw_teropong_chili_big_chili_kw_qui,...,-,-,1,cabai_besar,2,tbl_5.2
Palue,cabai_keriting_chili_curly_chili_kw_qui,...,-,5,-,cabai_keriting,3,tbl_5.2
Koting,cabai_besar_tw_teropong_chili_big_chili_kw_qui,...,373,8,5,cabai_besar,2,tbl_5.2
Koting,cabai_keriting_chili_curly_chili_kw_qui,...,-,7,4,cabai_keriting,3,tbl_5.2
Nelle,cabai_besar_tw_teropong_chili_big_chili_kw_qui,...,8,0,1,cabai_besar,2,tbl_5.2
Nelle,cabai_keriting_chili_curly_chili_kw_qui,...,17,1,0,cabai_keriting,3,tbl_5.2
Nita,cabai_besar_tw_teropong_chili_big_chili_kw_qui,...,293,893,760,cabai_besar,2,tbl_5.2
Nita,cabai_keriting_chili_curly_chili_kw_qui,...,167,1.560,932,cabai_keriting,3,tbl_5.2
Magepanda,cabai_besar_tw_teropong_chili_big_chili_kw_qui,...,72,-,-,cabai_besar,2,tbl_5.2
Magepanda,cabai_keriting_chili_curly_chili_kw_qui,...,-,-,-,cabai_keriting,3,tbl_5.2
Alok,cabai_besar_tw_teropong_chili_big_chili_kw_qui,...,48,1,91,cabai_besar,2,tbl_5.2
Alok,cabai_keriting_chili_curly_chili_kw_qui,...,3,2,107,cabai_keriting,3,tbl_5.2
Alok Barat,cabai_besar_tw_teropong_chili_big_chili_kw_qui,...,61,28,5,cabai_besar,2,tbl_5.2
Alok Barat,cabai_keriting_chili_curly_chili_kw_qui,...,24,32,7,cabai_keriting,3,tbl_5.2
Alok Timur,cabai_besar_tw_teropong_chili_big_chili_kw_qui,...,-,-,-,cabai_besar,2,tbl_5.2
Alok Timur,cabai_keriting_chili_curly_chili_kw_qui,...,-,-,-,cabai_keriting,3,tbl_5.2
Sikka,cabai_besar_tw_teropong_chili_big_chili_kw_qui,...,1.001,1.077,931,cabai_besar,2,tbl_5.2
Sikka,cabai_keriting_chili_curly_chili_kw_qui,...,528,2.119,1.741,cabai_keriting,3,tbl_5.2
Paga,jahe_ginger_m2_m2,-,-,-,1,jahe_ginger,1,tbl_5.3
Paga,laos_lengkuas_galanga_m2_m2,-,-,-,-,laos_lengkuas,2,tbl_5.3
Paga,kencur_east_indian_galangal_m2_m2,-,-,-,-,kencur_east,3,tbl_5.3
Paga,kunyit_turmeric_m2_m2,-,-,-,-,kunyit_turmeric,4,tbl_5.3
Mego,jahe_ginger_m2_m2,2,3.318,7.500,2.891,jahe_ginger,1,tbl_5.3
Mego,laos_lengkuas_galanga_m2_m2,2,2.003,335,471,laos_lengkuas,2,tbl_5.3
Mego,kencur_east_indian_galangal_m2_m2,2,583,422,363,kencur_east,3,tbl_5.3
Mego,kunyit_turmeric_m2_m2,2,5.258,5.328,3.910,kunyit_turmeric,4,tbl_5.3
Tana Wawo,jahe_ginger_m2_m2,7.000,22.500,27.500,800,jahe_ginger,1,tbl_5.3
Tana Wawo,laos_lengkuas_galanga_m2_m2,6.020,5.700,700,560,laos_lengkuas,2,tbl_5.3
Tana Wawo,kencur_east_indian_galangal_m2_m2,7.800,13.000,15.200,450,kencur_east,3,tbl_5.3
Tana Wawo,kunyit_turmeric_m2_m2,12.125,16.500,26.000,900,kunyit_turmeric,4,tbl_5.3
Lela,jahe_ginger_m2_m2,1.500,1.000,750,700,jahe_ginger,1,tbl_5.3
Lela,laos_lengkuas_galanga_m2_m2,180,750,500,500,laos_lengkuas,2,tbl_5.3
Lela,kencur_east_indian_galangal_m2_m2,600,750,500,500,kencur_east,3,tbl_5.3
Lela,kunyit_turmeric_m2_m2,3.500,700,500,500,kunyit_turmeric,4,tbl_5.3
Bola,jahe_ginger_m2_m2,-,-,-,-,jahe_ginger,1,tbl_5.3
Bola,laos_lengkuas_galanga_m2_m2,-,-,-,-,laos_lengkuas,2,tbl_5.3
Bola,kencur_east_indian_galangal_m2_m2,-,-,-,-,kencur_east,3,tbl_5.3
Bola,kunyit_turmeric_m2_m2,-,-,-,-,kunyit_turmeric,4,tbl_5.3
Doreng,jahe_ginger_m2_m2,550,1.400,29.000,17.000,jahe_ginger,1,tbl_5.3
Doreng,laos_lengkuas_galanga_m2_m2,-,-,-,-,laos_lengkuas,2,tbl_5.3
Doreng,kencur_east_indian_galangal_m2_m2,240,850,500,700,kencur_east,3,tbl_5.3
Doreng,kunyit_turmeric_m2_m2,750,1.500,1.200,550,kunyit_turmeric,4,tbl_5.3
Mapitara,jahe_ginger_m2_m2,15.568,2.761,6.084,50.000,jahe_ginger,1,tbl_5.3
Mapitara,laos_lengkuas_galanga_m2_m2,4.953,1.608,2.464,11.500,laos_lengkuas,2,tbl_5.3
Mapitara,kencur_east_indian_galangal_m2_m2,3.405,957,722,15.500,kencur_east,3,tbl_5.3
Mapitara,kunyit_turmeric_m2_m2,18.026,9.960,5.058,25.000,kunyit_turmeric,4,tbl_5.3
Talibura,jahe_ginger_m2_m2,-,-,-,-,jahe_ginger,1,tbl_5.3
Talibura,laos_lengkuas_galanga_m2_m2,-,-,-,-,laos_lengkuas,2,tbl_5.3
Talibura,kencur_east_indian_galangal_m2_m2,-,-,-,-,kencur_east,3,tbl_5.3
Talibura,kunyit_turmeric_m2_m2,-,-,-,-,kunyit_turmeric,4,tbl_5.3
Waigete,jahe_ginger_m2_m2,0,2,1,-,jahe_ginger,1,tbl_5.3
Waigete,laos_lengkuas_galanga_m2_m2,0,1,-,-,laos_lengkuas,2,tbl_5.3
Waigete,kencur_east_indian_galangal_m2_m2,0,2,-,12,kencur_east,3,tbl_5.3
Waigete,kunyit_turmeric_m2_m2,0,2,-,38,kunyit_turmeric,4,tbl_5.3
Waiblama,jahe_ginger_m2_m2,1.005,75,75,1.900,jahe_ginger,1,tbl_5.3
Waiblama,laos_lengkuas_galanga_m2_m2,715,125,125,125,laos_lengkuas,2,tbl_5.3
Waiblama,kencur_east_indian_galangal_m2_m2,420,150,150,1.950,kencur_east,3,tbl_5.3
Waiblama,kunyit_turmeric_m2_m2,750,25,25,2.050,kunyit_turmeric,4,tbl_5.3
Kewapante,jahe_ginger_m2_m2,-,-,-,-,jahe_ginger,1,tbl_5.3
Kewapante,laos_lengkuas_galanga_m2_m2,-,-,-,-,laos_lengkuas,2,tbl_5.3
Kewapante,kencur_east_indian_galangal_m2_m2,-,-,-,-,kencur_east,3,tbl_5.3
Kewapante,kunyit_turmeric_m2_m2,-,-,-,-,kunyit_turmeric,4,tbl_5.3
Hewokloang,jahe_ginger_m2_m2,3.090,3.000,4.000,4.000,jahe_ginger,1,tbl_5.3
Hewokloang,laos_lengkuas_galanga_m2_m2,3.000,5.000,6.000,4.000,laos_lengkuas,2,tbl_5.3
Hewokloang,kencur_east_indian_galangal_m2_m2,3.050,5.000,6.000,3.000,kencur_east,3,tbl_5.3
Hewokloang,kunyit_turmeric_m2_m2,3.100,5.000,6.000,4.000,kunyit_turmeric,4,tbl_5.3
Kangae,jahe_ginger_m2_m2,450,600,-,-,jahe_ginger,1,tbl_5.3
Kangae,laos_lengkuas_galanga_m2_m2,900,450,-,-,laos_lengkuas,2,tbl_5.3
Kangae,kencur_east_indian_galangal_m2_m2,-,-,-,-,kencur_east,3,tbl_5.3
Kangae,kunyit_turmeric_m2_m2,15.075,8.325,-,-,kunyit_turmeric,4,tbl_5.3
Palue,jahe_ginger_m2_m2,158,14,1,1,jahe_ginger,1,tbl_5.3
Palue,laos_lengkuas_galanga_m2_m2,105,-,1,1,laos_lengkuas,2,tbl_5.3
Palue,kencur_east_indian_galangal_m2_m2,60,1,1,1,kencur_east,3,tbl_5.3
Palue,kunyit_turmeric_m2_m2,115,20,1,1,kunyit_turmeric,4,tbl_5.3
Koting,jahe_ginger_m2_m2,15,8,12,9,jahe_ginger,1,tbl_5.3
Koting,laos_lengkuas_galanga_m2_m2,7,7,-,-,laos_lengkuas,2,tbl_5.3
Koting,kencur_east_indian_galangal_m2_m2,4,2,1,-,kencur_east,3,tbl_5.3
Koting,kunyit_turmeric_m2_m2,7,13,9,4,kunyit_turmeric,4,tbl_5.3
Nelle,jahe_ginger_m2_m2,20,-,-,-,jahe_ginger,1,tbl_5.3
Nelle,laos_lengkuas_galanga_m2_m2,25,-,-,-,laos_lengkuas,2,tbl_5.3
Nelle,kencur_east_indian_galangal_m2_m2,8,-,-,-,kencur_east,3,tbl_5.3
Nelle,kunyit_turmeric_m2_m2,34,-,-,-,kunyit_turmeric,4,tbl_5.3
Nita,jahe_ginger_m2_m2,7.000,23.600,52.000,43.000,jahe_ginger,1,tbl_5.3
Nita,laos_lengkuas_galanga_m2_m2,7.300,21.500,27.000,20.000,laos_lengkuas,2,tbl_5.3
Nita,kencur_east_indian_galangal_m2_m2,3.900,6.300,6.000,4.000,kencur_east,3,tbl_5.3
Nita,kunyit_turmeric_m2_m2,4.700,11.600,27.000,20.000,kunyit_turmeric,4,tbl_5.3
Magepanda,jahe_ginger_m2_m2,3.840,2.790,2.540,1.347,jahe_ginger,1,tbl_5.3
Magepanda,laos_lengkuas_galanga_m2_m2,1.220,1.220,1.180,500,laos_lengkuas,2,tbl_5.3
Magepanda,kencur_east_indian_galangal_m2_m2,1.350,1.350,800,1.000,kencur_east,3,tbl_5.3
Magepanda,kunyit_turmeric_m2_m2,1.750,850,500,1.200,kunyit_turmeric,4,tbl_5.3
Alok,jahe_ginger_m2_m2,1.400,190,500,-,jahe_ginger,1,tbl_5.3
Alok,laos_lengkuas_galanga_m2_m2,1.308,795,-,733,laos_lengkuas,2,tbl_5.3
Alok,kencur_east_indian_galangal_m2_m2,375,-,-,-,kencur_east,3,tbl_5.3
Alok,kunyit_turmeric_m2_m2,2.200,1.175,1.675,1.100,kunyit_turmeric,4,tbl_5.3
Alok Barat,jahe_ginger_m2_m2,3,-,-,-,jahe_ginger,1,tbl_5.3
Alok Barat,laos_lengkuas_galanga_m2_m2,4,-,-,-,laos_lengkuas,2,tbl_5.3
Alok Barat,kencur_east_indian_galangal_m2_m2,-,-,-,-,kencur_east,3,tbl_5.3
Alok Barat,kunyit_turmeric_m2_m2,2,-,-,-,kunyit_turmeric,4,tbl_5.3
Alok Timur,jahe_ginger_m2_m2,-,-,-,5,jahe_ginger,1,tbl_5.3
Alok Timur,laos_lengkuas_galanga_m2_m2,-,-,-,5,laos_lengkuas,2,tbl_5.3
Alok Timur,kencur_east_indian_galangal_m2_m2,-,-,-,4,kencur_east,3,tbl_5.3
Alok Timur,kunyit_turmeric_m2_m2,-,-,-,6,kunyit_turmeric,4,tbl_5.3
Sikka,jahe_ginger_m2_m2,41.601,61.258,129.963,121.654,jahe_ginger,1,tbl_5.3
Sikka,laos_lengkuas_galanga_m2_m2,25.739,39.159,38.305,38.395,laos_lengkuas,2,tbl_5.3
Sikka,kencur_east_indian_galangal_m2_m2,21.214,28.945,30.296,27.480,kencur_east,3,tbl_5.3
Sikka,kunyit_turmeric_m2_m2,62.136,60.928,73.296,59.259,kunyit_turmeric,4,tbl_5.3
Paga,jahe_ginger_kg_kg,-,-,-,2,jahe_ginger,1,tbl_5.4
Paga,laos_lengkuas_galanga_kg_kg,-,-,-,-,laos_lengkuas,2,tbl_5.4
Paga,kencur_east_indian_galangal_kg_kg,-,-,-,-,kencur_east,3,tbl_5.4
Paga,kunyit_turmeric_kg_kg,-,-,-,-,kunyit_turmeric,4,tbl_5.4
Mego,jahe_ginger_kg_kg,8,9.960,2.710,1.092,jahe_ginger,1,tbl_5.4
Mego,laos_lengkuas_galanga_kg_kg,8,5.179,122,258,laos_lengkuas,2,tbl_5.4
Mego,kencur_east_indian_galangal_kg_kg,5,1.644,144,304,kencur_east,3,tbl_5.4
Mego,kunyit_turmeric_kg_kg,10,16.499,2.292,1.982,kunyit_turmeric,4,tbl_5.4
Tana Wawo,jahe_ginger_kg_kg,19.000,14.000,37.750,330,jahe_ginger,1,tbl_5.4
Tana Wawo,laos_lengkuas_galanga_kg_kg,7.300,5.410,700,220,laos_lengkuas,2,tbl_5.4
Tana Wawo,kencur_east_indian_galangal_kg_kg,9.300,23.800,22.800,260,kencur_east,3,tbl_5.4
Tana Wawo,kunyit_turmeric_kg_kg,20.750,10.450,26.300,410,kunyit_turmeric,4,tbl_5.4
Lela,jahe_ginger_kg_kg,1.500,10.000,950,230,jahe_ginger,1,tbl_5.4
Lela,laos_lengkuas_galanga_kg_kg,648,1.000,750,335,laos_lengkuas,2,tbl_5.4
Lela,kencur_east_indian_galangal_kg_kg,360,1.000,450,270,kencur_east,3,tbl_5.4
Lela,kunyit_turmeric_kg_kg,16.500,1.000,700,272,kunyit_turmeric,4,tbl_5.4
Bola,jahe_ginger_kg_kg,-,-,-,-,jahe_ginger,1,tbl_5.4
Bola,laos_lengkuas_galanga_kg_kg,-,-,-,-,laos_lengkuas,2,tbl_5.4
Bola,kencur_east_indian_galangal_kg_kg,-,-,-,-,kencur_east,3,tbl_5.4
Bola,kunyit_turmeric_kg_kg,-,-,-,-,kunyit_turmeric,4,tbl_5.4
Doreng,jahe_ginger_kg_kg,825,6.425,58.000,25.500,jahe_ginger,1,tbl_5.4
Doreng,laos_lengkuas_galanga_kg_kg,-,-,-,-,laos_lengkuas,2,tbl_5.4
Doreng,kencur_east_indian_galangal_kg_kg,196,1.700,600,525,kencur_east,3,tbl_5.4
Doreng,kunyit_turmeric_kg_kg,915,4.980,1.800,660,kunyit_turmeric,4,tbl_5.4
Mapitara,jahe_ginger_kg_kg,98.266,36.924,8.513,34.000,jahe_ginger,1,tbl_5.4
Mapitara,laos_lengkuas_galanga_kg_kg,9.013,3.229,2.834,15.000,laos_lengkuas,2,tbl_5.4
Mapitara,kencur_east_indian_galangal_kg_kg,6.744,1.822,929,15.700,kencur_east,3,tbl_5.4
Mapitara,kunyit_turmeric_kg_kg,23.841,23.786,22.944,34.500,kunyit_turmeric,4,tbl_5.4
Talibura,jahe_ginger_kg_kg,-,-,-,-,jahe_ginger,1,tbl_5.4
Talibura,laos_lengkuas_galanga_kg_kg,-,-,-,-,laos_lengkuas,2,tbl_5.4
Talibura,kencur_east_indian_galangal_kg_kg,-,-,-,-,kencur_east,3,tbl_5.4
Talibura,kunyit_turmeric_kg_kg,-,-,-,-,kunyit_turmeric,4,tbl_5.4
Waigete,jahe_ginger_kg_kg,0,11,1,-,jahe_ginger,1,tbl_5.4
Waigete,laos_lengkuas_galanga_kg_kg,0,5,-,-,laos_lengkuas,2,tbl_5.4
Waigete,kencur_east_indian_galangal_kg_kg,0,11,-,96,kencur_east,3,tbl_5.4
Waigete,kunyit_turmeric_kg_kg,0,11,-,96,kunyit_turmeric,4,tbl_5.4
Waiblama,jahe_ginger_kg_kg,242,272,203,590,jahe_ginger,1,tbl_5.4
Waiblama,laos_lengkuas_galanga_kg_kg,700,249,437,100,laos_lengkuas,2,tbl_5.4
Waiblama,kencur_east_indian_galangal_kg_kg,343,170,103,965,kencur_east,3,tbl_5.4
Waiblama,kunyit_turmeric_kg_kg,323,65,52,1.350,kunyit_turmeric,4,tbl_5.4
Kewapante,jahe_ginger_kg_kg,-,-,-,-,jahe_ginger,1,tbl_5.4
Kewapante,laos_lengkuas_galanga_kg_kg,-,-,-,-,laos_lengkuas,2,tbl_5.4
Kewapante,kencur_east_indian_galangal_kg_kg,-,-,-,-,kencur_east,3,tbl_5.4
Kewapante,kunyit_turmeric_kg_kg,-,-,-,-,kunyit_turmeric,4,tbl_5.4
Hewokloang,jahe_ginger_kg_kg,5.790,12.000,6.000,4.000,jahe_ginger,1,tbl_5.4
Hewokloang,laos_lengkuas_galanga_kg_kg,3.000,27.900,9.000,4.000,laos_lengkuas,2,tbl_5.4
Hewokloang,kencur_east_indian_galangal_kg_kg,5.100,27.400,9.000,3.000,kencur_east,3,tbl_5.4
Hewokloang,kunyit_turmeric_kg_kg,6.200,30.500,9.000,4.000,kunyit_turmeric,4,tbl_5.4
Kangae,jahe_ginger_kg_kg,675,600,-,-,jahe_ginger,1,tbl_5.4
Kangae,laos_lengkuas_galanga_kg_kg,520,1.575,-,-,laos_lengkuas,2,tbl_5.4
Kangae,kencur_east_indian_galangal_kg_kg,-,-,-,-,kencur_east,3,tbl_5.4
Kangae,kunyit_turmeric_kg_kg,7.500,12.487,-,-,kunyit_turmeric,4,tbl_5.4
Palue,jahe_ginger_kg_kg,420,35,1,2,jahe_ginger,1,tbl_5.4
Palue,laos_lengkuas_galanga_kg_kg,520,-,1,3,laos_lengkuas,2,tbl_5.4
Palue,kencur_east_indian_galangal_kg_kg,150,1,1,4,kencur_east,3,tbl_5.4
Palue,kunyit_turmeric_kg_kg,210,78,1,3,kunyit_turmeric,4,tbl_5.4
Koting,jahe_ginger_kg_kg,261,54,39,37,jahe_ginger,1,tbl_5.4
Koting,laos_lengkuas_galanga_kg_kg,16,27,-,-,laos_lengkuas,2,tbl_5.4
Koting,kencur_east_indian_galangal_kg_kg,4,4,3,-,kencur_east,3,tbl_5.4
Koting,kunyit_turmeric_kg_kg,10,62,33,9,kunyit_turmeric,4,tbl_5.4
Nelle,jahe_ginger_kg_kg,40,-,-,-,jahe_ginger,1,tbl_5.4
Nelle,laos_lengkuas_galanga_kg_kg,80,-,-,-,laos_lengkuas,2,tbl_5.4
Nelle,kencur_east_indian_galangal_kg_kg,20,-,-,-,kencur_east,3,tbl_5.4
Nelle,kunyit_turmeric_kg_kg,150,-,-,-,kunyit_turmeric,4,tbl_5.4
Nita,jahe_ginger_kg_kg,14.503,57.938,176.000,104.500,jahe_ginger,1,tbl_5.4
Nita,laos_lengkuas_galanga_kg_kg,35.605,81.900,218.500,79.400,laos_lengkuas,2,tbl_5.4
Nita,kencur_east_indian_galangal_kg_kg,5.767,9.850,12.000,7.400,kencur_east,3,tbl_5.4
Nita,kunyit_turmeric_kg_kg,23.625,46.300,162.000,73.910,kunyit_turmeric,4,tbl_5.4
Magepanda,jahe_ginger_kg_kg,2.722,4.072,5.861,725,jahe_ginger,1,tbl_5.4
Magepanda,laos_lengkuas_galanga_kg_kg,900,1.105,1.125,680,laos_lengkuas,2,tbl_5.4
Magepanda,kencur_east_indian_galangal_kg_kg,700,2.600,885,940,kencur_east,3,tbl_5.4
Magepanda,kunyit_turmeric_kg_kg,1.802,1.265,496,1.216,kunyit_turmeric,4,tbl_5.4
Alok,jahe_ginger_kg_kg,1.360,300,500,-,jahe_ginger,1,tbl_5.4
Alok,laos_lengkuas_galanga_kg_kg,5.124,3.300,-,2.232,laos_lengkuas,2,tbl_5.4
Alok,kencur_east_indian_galangal_kg_kg,225,-,-,-,kencur_east,3,tbl_5.4
Alok,kunyit_turmeric_kg_kg,3.400,3.500,1.675,4.184,kunyit_turmeric,4,tbl_5.4
Alok Barat,jahe_ginger_kg_kg,18,-,-,-,jahe_ginger,1,tbl_5.4
Alok Barat,laos_lengkuas_galanga_kg_kg,20,-,-,-,laos_lengkuas,2,tbl_5.4
Alok Barat,kencur_east_indian_galangal_kg_kg,-,-,-,-,kencur_east,3,tbl_5.4
Alok Barat,kunyit_turmeric_kg_kg,10,-,-,-,kunyit_turmeric,4,tbl_5.4
Alok Timur,jahe_ginger_kg_kg,-,-,-,17,jahe_ginger,1,tbl_5.4
Alok Timur,laos_lengkuas_galanga_kg_kg,-,-,-,17,laos_lengkuas,2,tbl_5.4
Alok Timur,kencur_east_indian_galangal_kg_kg,-,-,-,14,kencur_east,3,tbl_5.4
Alok Timur,kunyit_turmeric_kg_kg,-,-,-,24,kunyit_turmeric,4,tbl_5.4
Sikka,jahe_ginger_kg_kg,145.630,152.591,296.528,171.025,jahe_ginger,1,tbl_5.4
Sikka,laos_lengkuas_galanga_kg_kg,63.454,130.879,233.469,102.245,laos_lengkuas,2,tbl_5.4
Sikka,kencur_east_indian_galangal_kg_kg,28.914,70.002,46.915,29.478,kencur_east,3,tbl_5.4
Sikka,kunyit_turmeric_kg_kg,105.246,150.983,227.293,122.616,kunyit_turmeric,4,tbl_5.4
Paga,krisan_chrysantemum_m2_m2,-,-,-,-,krisan_chrysantemum,3,tbl_5.5
Paga,mawar_rose_m2_m2,-,-,-,-,mawar_rose,4,tbl_5.5
Paga,sedap_malam_tuberose_m2_m2,-,-,-,-,sedap_malam,5,tbl_5.5
Paga,anthurium_bunga_flamingo_lily_flower_m2_m2,-,-,-,-,anthurium_bunga,6,tbl_5.5
Paga,palem_palm_pohon_tree,-,-,-,-,palem_palm,8,tbl_5.5
Paga,pedang_pedangan_sanseviera_m2_m2,-,-,-,-,pedang_pedangan,9,tbl_5.5
Paga,pisang_pisangan_heliconia_m2_m2,-,-,-,-,pisang_pisangan,10,tbl_5.5
Paga,soka_ixora_m2_m2,-,-,-,-,soka_ixora,12,tbl_5.5
Paga,sri_rejeki_aglaonema_m2_m2,-,-,-,-,sri_rejeki,13,tbl_5.5
Mego,krisan_chrysantemum_m2_m2,-,-,-,-,krisan_chrysantemum,3,tbl_5.5
Mego,mawar_rose_m2_m2,-,-,-,-,mawar_rose,4,tbl_5.5
Mego,sedap_malam_tuberose_m2_m2,-,-,-,-,sedap_malam,5,tbl_5.5
Mego,anthurium_bunga_flamingo_lily_flower_m2_m2,-,-,-,-,anthurium_bunga,6,tbl_5.5
Mego,palem_palm_pohon_tree,-,-,-,-,palem_palm,8,tbl_5.5
Mego,pedang_pedangan_sanseviera_m2_m2,-,-,-,-,pedang_pedangan,9,tbl_5.5
Mego,pisang_pisangan_heliconia_m2_m2,-,-,-,-,pisang_pisangan,10,tbl_5.5
Mego,soka_ixora_m2_m2,-,-,-,-,soka_ixora,12,tbl_5.5
Mego,sri_rejeki_aglaonema_m2_m2,-,-,-,-,sri_rejeki,13,tbl_5.5
Tana Wawo,krisan_chrysantemum_m2_m2,-,-,-,-,krisan_chrysantemum,3,tbl_5.5
Tana Wawo,mawar_rose_m2_m2,-,-,-,-,mawar_rose,4,tbl_5.5
Tana Wawo,sedap_malam_tuberose_m2_m2,-,-,-,-,sedap_malam,5,tbl_5.5
Tana Wawo,anthurium_bunga_flamingo_lily_flower_m2_m2,-,-,-,-,anthurium_bunga,6,tbl_5.5
Tana Wawo,palem_palm_pohon_tree,-,-,-,-,palem_palm,8,tbl_5.5
Tana Wawo,pedang_pedangan_sanseviera_m2_m2,-,-,-,-,pedang_pedangan,9,tbl_5.5
Tana Wawo,pisang_pisangan_heliconia_m2_m2,-,-,-,-,pisang_pisangan,10,tbl_5.5
Tana Wawo,soka_ixora_m2_m2,-,-,-,-,soka_ixora,12,tbl_5.5
Tana Wawo,sri_rejeki_aglaonema_m2_m2,-,-,-,-,sri_rejeki,13,tbl_5.5
Lela,krisan_chrysantemum_m2_m2,-,-,-,-,krisan_chrysantemum,3,tbl_5.5
Lela,mawar_rose_m2_m2,-,-,-,-,mawar_rose,4,tbl_5.5
Lela,sedap_malam_tuberose_m2_m2,-,-,-,-,sedap_malam,5,tbl_5.5
Lela,anthurium_bunga_flamingo_lily_flower_m2_m2,-,-,-,-,anthurium_bunga,6,tbl_5.5
Lela,palem_palm_pohon_tree,-,-,-,-,palem_palm,8,tbl_5.5
Lela,pedang_pedangan_sanseviera_m2_m2,-,-,-,-,pedang_pedangan,9,tbl_5.5
Lela,pisang_pisangan_heliconia_m2_m2,-,-,-,-,pisang_pisangan,10,tbl_5.5
Lela,soka_ixora_m2_m2,-,-,-,-,soka_ixora,12,tbl_5.5
Lela,sri_rejeki_aglaonema_m2_m2,-,-,-,-,sri_rejeki,13,tbl_5.5
Bola,krisan_chrysantemum_m2_m2,-,-,-,-,krisan_chrysantemum,3,tbl_5.5
Bola,mawar_rose_m2_m2,-,-,-,-,mawar_rose,4,tbl_5.5
Bola,sedap_malam_tuberose_m2_m2,-,-,-,-,sedap_malam,5,tbl_5.5
Bola,anthurium_bunga_flamingo_lily_flower_m2_m2,-,-,-,-,anthurium_bunga,6,tbl_5.5
Bola,palem_palm_pohon_tree,-,-,-,-,palem_palm,8,tbl_5.5
Bola,pedang_pedangan_sanseviera_m2_m2,-,-,-,-,pedang_pedangan,9,tbl_5.5
Bola,pisang_pisangan_heliconia_m2_m2,-,-,-,-,pisang_pisangan,10,tbl_5.5
Bola,soka_ixora_m2_m2,-,-,-,-,soka_ixora,12,tbl_5.5
Bola,sri_rejeki_aglaonema_m2_m2,-,-,-,-,sri_rejeki,13,tbl_5.5
Doreng,krisan_chrysantemum_m2_m2,-,-,-,-,krisan_chrysantemum,3,tbl_5.5
Doreng,mawar_rose_m2_m2,-,-,-,-,mawar_rose,4,tbl_5.5
Doreng,sedap_malam_tuberose_m2_m2,-,-,-,-,sedap_malam,5,tbl_5.5
Doreng,anthurium_bunga_flamingo_lily_flower_m2_m2,-,-,-,-,anthurium_bunga,6,tbl_5.5
Doreng,palem_palm_pohon_tree,-,-,-,-,palem_palm,8,tbl_5.5
Doreng,pedang_pedangan_sanseviera_m2_m2,-,-,-,-,pedang_pedangan,9,tbl_5.5
Doreng,pisang_pisangan_heliconia_m2_m2,-,-,-,-,pisang_pisangan,10,tbl_5.5
Doreng,soka_ixora_m2_m2,-,-,-,-,soka_ixora,12,tbl_5.5
Doreng,sri_rejeki_aglaonema_m2_m2,-,-,-,-,sri_rejeki,13,tbl_5.5
Mapitara,krisan_chrysantemum_m2_m2,-,-,-,-,krisan_chrysantemum,3,tbl_5.5
Mapitara,mawar_rose_m2_m2,-,-,-,-,mawar_rose,4,tbl_5.5
Mapitara,sedap_malam_tuberose_m2_m2,-,-,-,-,sedap_malam,5,tbl_5.5
Mapitara,anthurium_bunga_flamingo_lily_flower_m2_m2,-,-,-,-,anthurium_bunga,6,tbl_5.5
Mapitara,palem_palm_pohon_tree,-,-,-,-,palem_palm,8,tbl_5.5
Mapitara,pedang_pedangan_sanseviera_m2_m2,-,-,-,-,pedang_pedangan,9,tbl_5.5
Mapitara,pisang_pisangan_heliconia_m2_m2,-,-,-,-,pisang_pisangan,10,tbl_5.5
Mapitara,soka_ixora_m2_m2,-,-,-,-,soka_ixora,12,tbl_5.5
Mapitara,sri_rejeki_aglaonema_m2_m2,-,-,-,-,sri_rejeki,13,tbl_5.5
Talibura,krisan_chrysantemum_m2_m2,-,-,-,-,krisan_chrysantemum,3,tbl_5.5
Talibura,mawar_rose_m2_m2,-,-,-,-,mawar_rose,4,tbl_5.5
Talibura,sedap_malam_tuberose_m2_m2,-,-,-,-,sedap_malam,5,tbl_5.5
Talibura,anthurium_bunga_flamingo_lily_flower_m2_m2,-,-,-,-,anthurium_bunga,6,tbl_5.5
Talibura,palem_palm_pohon_tree,-,-,-,-,palem_palm,8,tbl_5.5
Talibura,pedang_pedangan_sanseviera_m2_m2,-,-,-,-,pedang_pedangan,9,tbl_5.5
Talibura,pisang_pisangan_heliconia_m2_m2,-,-,-,-,pisang_pisangan,10,tbl_5.5
Talibura,soka_ixora_m2_m2,-,-,-,-,soka_ixora,12,tbl_5.5
Talibura,sri_rejeki_aglaonema_m2_m2,-,-,-,-,sri_rejeki,13,tbl_5.5
Waigete,krisan_chrysantemum_m2_m2,-,-,-,-,krisan_chrysantemum,3,tbl_5.5
Waigete,mawar_rose_m2_m2,-,-,-,-,mawar_rose,4,tbl_5.5
Waigete,sedap_malam_tuberose_m2_m2,-,-,-,-,sedap_malam,5,tbl_5.5
Waigete,anthurium_bunga_flamingo_lily_flower_m2_m2,-,-,-,-,anthurium_bunga,6,tbl_5.5
Waigete,palem_palm_pohon_tree,-,-,-,-,palem_palm,8,tbl_5.5
Waigete,pedang_pedangan_sanseviera_m2_m2,-,-,-,-,pedang_pedangan,9,tbl_5.5
Waigete,pisang_pisangan_heliconia_m2_m2,-,-,-,-,pisang_pisangan,10,tbl_5.5
Waigete,soka_ixora_m2_m2,-,-,-,-,soka_ixora,12,tbl_5.5
Waigete,sri_rejeki_aglaonema_m2_m2,-,-,-,-,sri_rejeki,13,tbl_5.5
Waiblama,krisan_chrysantemum_m2_m2,-,-,-,-,krisan_chrysantemum,3,tbl_5.5
Waiblama,mawar_rose_m2_m2,-,-,-,-,mawar_rose,4,tbl_5.5
Waiblama,sedap_malam_tuberose_m2_m2,-,-,-,-,sedap_malam,5,tbl_5.5
Waiblama,anthurium_bunga_flamingo_lily_flower_m2_m2,-,-,-,-,anthurium_bunga,6,tbl_5.5
Waiblama,palem_palm_pohon_tree,-,-,-,-,palem_palm,8,tbl_5.5
Waiblama,pedang_pedangan_sanseviera_m2_m2,-,-,-,-,pedang_pedangan,9,tbl_5.5
Waiblama,pisang_pisangan_heliconia_m2_m2,-,-,-,-,pisang_pisangan,10,tbl_5.5
Waiblama,soka_ixora_m2_m2,-,-,-,-,soka_ixora,12,tbl_5.5
Waiblama,sri_rejeki_aglaonema_m2_m2,-,-,-,-,sri_rejeki,13,tbl_5.5
Kewapante,krisan_chrysantemum_m2_m2,-,-,-,-,krisan_chrysantemum,3,tbl_5.5
Kewapante,mawar_rose_m2_m2,-,-,-,-,mawar_rose,4,tbl_5.5
Kewapante,sedap_malam_tuberose_m2_m2,-,-,-,-,sedap_malam,5,tbl_5.5
Kewapante,anthurium_bunga_flamingo_lily_flower_m2_m2,-,-,-,-,anthurium_bunga,6,tbl_5.5
Kewapante,palem_palm_pohon_tree,-,-,-,-,palem_palm,8,tbl_5.5
Kewapante,pedang_pedangan_sanseviera_m2_m2,-,-,-,-,pedang_pedangan,9,tbl_5.5
Kewapante,pisang_pisangan_heliconia_m2_m2,-,-,-,-,pisang_pisangan,10,tbl_5.5
Kewapante,soka_ixora_m2_m2,-,-,-,-,soka_ixora,12,tbl_5.5
Kewapante,sri_rejeki_aglaonema_m2_m2,-,-,-,-,sri_rejeki,13,tbl_5.5
Hewokloang,krisan_chrysantemum_m2_m2,-,-,-,-,krisan_chrysantemum,3,tbl_5.5
Hewokloang,mawar_rose_m2_m2,-,-,-,-,mawar_rose,4,tbl_5.5
Hewokloang,sedap_malam_tuberose_m2_m2,-,-,-,-,sedap_malam,5,tbl_5.5
Hewokloang,anthurium_bunga_flamingo_lily_flower_m2_m2,-,-,-,-,anthurium_bunga,6,tbl_5.5
Hewokloang,palem_palm_pohon_tree,-,-,-,-,palem_palm,8,tbl_5.5
Hewokloang,pedang_pedangan_sanseviera_m2_m2,-,-,-,-,pedang_pedangan,9,tbl_5.5
Hewokloang,pisang_pisangan_heliconia_m2_m2,-,-,-,-,pisang_pisangan,10,tbl_5.5
Hewokloang,soka_ixora_m2_m2,-,-,-,-,soka_ixora,12,tbl_5.5
Hewokloang,sri_rejeki_aglaonema_m2_m2,-,-,-,-,sri_rejeki,13,tbl_5.5
Kangae,krisan_chrysantemum_m2_m2,-,-,-,-,krisan_chrysantemum,3,tbl_5.5
Kangae,mawar_rose_m2_m2,-,-,-,-,mawar_rose,4,tbl_5.5
Kangae,sedap_malam_tuberose_m2_m2,-,-,-,-,sedap_malam,5,tbl_5.5
Kangae,anthurium_bunga_flamingo_lily_flower_m2_m2,-,-,-,-,anthurium_bunga,6,tbl_5.5
Kangae,palem_palm_pohon_tree,-,-,-,-,palem_palm,8,tbl_5.5
Kangae,pedang_pedangan_sanseviera_m2_m2,-,-,-,-,pedang_pedangan,9,tbl_5.5
Kangae,pisang_pisangan_heliconia_m2_m2,-,-,-,-,pisang_pisangan,10,tbl_5.5
Kangae,soka_ixora_m2_m2,-,-,-,-,soka_ixora,12,tbl_5.5
Kangae,sri_rejeki_aglaonema_m2_m2,-,-,-,-,sri_rejeki,13,tbl_5.5
Palue,krisan_chrysantemum_m2_m2,-,-,-,-,krisan_chrysantemum,3,tbl_5.5
Palue,mawar_rose_m2_m2,-,-,-,-,mawar_rose,4,tbl_5.5
Palue,sedap_malam_tuberose_m2_m2,-,-,-,-,sedap_malam,5,tbl_5.5
Palue,anthurium_bunga_flamingo_lily_flower_m2_m2,-,-,-,-,anthurium_bunga,6,tbl_5.5
Palue,palem_palm_pohon_tree,-,-,-,-,palem_palm,8,tbl_5.5
Palue,pedang_pedangan_sanseviera_m2_m2,-,-,-,-,pedang_pedangan,9,tbl_5.5
Palue,pisang_pisangan_heliconia_m2_m2,-,-,-,-,pisang_pisangan,10,tbl_5.5
Palue,soka_ixora_m2_m2,-,-,-,-,soka_ixora,12,tbl_5.5
Palue,sri_rejeki_aglaonema_m2_m2,-,-,-,-,sri_rejeki,13,tbl_5.5
Koting,krisan_chrysantemum_m2_m2,-,-,-,-,krisan_chrysantemum,3,tbl_5.5
Koting,mawar_rose_m2_m2,-,-,-,-,mawar_rose,4,tbl_5.5
Koting,sedap_malam_tuberose_m2_m2,-,-,-,-,sedap_malam,5,tbl_5.5
Koting,anthurium_bunga_flamingo_lily_flower_m2_m2,-,-,-,-,anthurium_bunga,6,tbl_5.5
Koting,palem_palm_pohon_tree,-,-,-,-,palem_palm,8,tbl_5.5
Koting,pedang_pedangan_sanseviera_m2_m2,-,-,-,5,pedang_pedangan,9,tbl_5.5
Koting,pisang_pisangan_heliconia_m2_m2,-,-,-,3,pisang_pisangan,10,tbl_5.5
Koting,soka_ixora_m2_m2,-,-,-,-,soka_ixora,12,tbl_5.5
Koting,sri_rejeki_aglaonema_m2_m2,-,-,-,-,sri_rejeki,13,tbl_5.5
Nelle,krisan_chrysantemum_m2_m2,-,-,-,-,krisan_chrysantemum,3,tbl_5.5
Nelle,mawar_rose_m2_m2,-,-,-,-,mawar_rose,4,tbl_5.5
Nelle,sedap_malam_tuberose_m2_m2,-,-,-,-,sedap_malam,5,tbl_5.5
Nelle,anthurium_bunga_flamingo_lily_flower_m2_m2,-,-,-,-,anthurium_bunga,6,tbl_5.5
Nelle,palem_palm_pohon_tree,-,-,-,-,palem_palm,8,tbl_5.5
Nelle,pedang_pedangan_sanseviera_m2_m2,-,-,-,-,pedang_pedangan,9,tbl_5.5
Nelle,pisang_pisangan_heliconia_m2_m2,-,-,-,-,pisang_pisangan,10,tbl_5.5
Nelle,soka_ixora_m2_m2,-,-,-,-,soka_ixora,12,tbl_5.5
Nelle,sri_rejeki_aglaonema_m2_m2,-,-,-,-,sri_rejeki,13,tbl_5.5
Nita,krisan_chrysantemum_m2_m2,-,-,-,-,krisan_chrysantemum,3,tbl_5.5
Nita,mawar_rose_m2_m2,-,-,-,-,mawar_rose,4,tbl_5.5
Nita,sedap_malam_tuberose_m2_m2,-,-,-,-,sedap_malam,5,tbl_5.5
Nita,anthurium_bunga_flamingo_lily_flower_m2_m2,-,-,-,-,anthurium_bunga,6,tbl_5.5
Nita,palem_palm_pohon_tree,-,-,-,-,palem_palm,8,tbl_5.5
Nita,pedang_pedangan_sanseviera_m2_m2,-,-,-,-,pedang_pedangan,9,tbl_5.5
Nita,pisang_pisangan_heliconia_m2_m2,-,-,-,-,pisang_pisangan,10,tbl_5.5
Nita,soka_ixora_m2_m2,-,-,-,-,soka_ixora,12,tbl_5.5
Nita,sri_rejeki_aglaonema_m2_m2,-,-,-,-,sri_rejeki,13,tbl_5.5
Magepanda,krisan_chrysantemum_m2_m2,-,-,-,-,krisan_chrysantemum,3,tbl_5.5
Magepanda,mawar_rose_m2_m2,-,-,-,-,mawar_rose,4,tbl_5.5
Magepanda,sedap_malam_tuberose_m2_m2,-,-,-,-,sedap_malam,5,tbl_5.5
Magepanda,anthurium_bunga_flamingo_lily_flower_m2_m2,-,-,-,-,anthurium_bunga,6,tbl_5.5
Magepanda,palem_palm_pohon_tree,-,-,-,-,palem_palm,8,tbl_5.5
Magepanda,pedang_pedangan_sanseviera_m2_m2,-,-,-,-,pedang_pedangan,9,tbl_5.5
Magepanda,pisang_pisangan_heliconia_m2_m2,-,-,-,-,pisang_pisangan,10,tbl_5.5
Magepanda,soka_ixora_m2_m2,-,-,-,-,soka_ixora,12,tbl_5.5
Magepanda,sri_rejeki_aglaonema_m2_m2,-,-,-,-,sri_rejeki,13,tbl_5.5
Alok,krisan_chrysantemum_m2_m2,-,-,-,-,krisan_chrysantemum,3,tbl_5.5
Alok,mawar_rose_m2_m2,-,-,-,-,mawar_rose,4,tbl_5.5
Alok,sedap_malam_tuberose_m2_m2,-,-,-,-,sedap_malam,5,tbl_5.5
Alok,anthurium_bunga_flamingo_lily_flower_m2_m2,-,-,-,-,anthurium_bunga,6,tbl_5.5
Alok,palem_palm_pohon_tree,-,-,-,-,palem_palm,8,tbl_5.5
Alok,pedang_pedangan_sanseviera_m2_m2,-,-,-,-,pedang_pedangan,9,tbl_5.5
Alok,pisang_pisangan_heliconia_m2_m2,-,-,-,-,pisang_pisangan,10,tbl_5.5
Alok,soka_ixora_m2_m2,-,-,-,-,soka_ixora,12,tbl_5.5
Alok,sri_rejeki_aglaonema_m2_m2,-,-,-,-,sri_rejeki,13,tbl_5.5
Alok Barat,krisan_chrysantemum_m2_m2,-,-,-,-,krisan_chrysantemum,3,tbl_5.5
Alok Barat,mawar_rose_m2_m2,-,-,-,-,mawar_rose,4,tbl_5.5
Alok Barat,sedap_malam_tuberose_m2_m2,-,-,-,-,sedap_malam,5,tbl_5.5
Alok Barat,anthurium_bunga_flamingo_lily_flower_m2_m2,-,-,-,-,anthurium_bunga,6,tbl_5.5
Alok Barat,palem_palm_pohon_tree,-,-,-,-,palem_palm,8,tbl_5.5
Alok Barat,pedang_pedangan_sanseviera_m2_m2,-,-,-,-,pedang_pedangan,9,tbl_5.5
Alok Barat,pisang_pisangan_heliconia_m2_m2,-,-,-,-,pisang_pisangan,10,tbl_5.5
Alok Barat,soka_ixora_m2_m2,-,-,-,-,soka_ixora,12,tbl_5.5
Alok Barat,sri_rejeki_aglaonema_m2_m2,-,-,-,-,sri_rejeki,13,tbl_5.5
Alok Timur,krisan_chrysantemum_m2_m2,-,-,140,8,krisan_chrysantemum,3,tbl_5.5
Alok Timur,mawar_rose_m2_m2,-,-,90,10,mawar_rose,4,tbl_5.5
Alok Timur,sedap_malam_tuberose_m2_m2,-,-,-,-,sedap_malam,5,tbl_5.5
Alok Timur,anthurium_bunga_flamingo_lily_flower_m2_m2,-,-,90,10,anthurium_bunga,6,tbl_5.5
Alok Timur,palem_palm_pohon_tree,-,-,370,28,palem_palm,8,tbl_5.5
Alok Timur,pedang_pedangan_sanseviera_m2_m2,-,-,195,14,pedang_pedangan,9,tbl_5.5
Alok Timur,pisang_pisangan_heliconia_m2_m2,-,-,132,23,pisang_pisangan,10,tbl_5.5
Alok Timur,soka_ixora_m2_m2,-,-,118,13,soka_ixora,12,tbl_5.5
Alok Timur,sri_rejeki_aglaonema_m2_m2,-,-,90,9,sri_rejeki,13,tbl_5.5
Sikka,krisan_chrysantemum_m2_m2,-,-,140,8,krisan_chrysantemum,3,tbl_5.5
Sikka,mawar_rose_m2_m2,-,-,90,10,mawar_rose,4,tbl_5.5
Sikka,sedap_malam_tuberose_m2_m2,-,-,-,-,sedap_malam,5,tbl_5.5
Sikka,anthurium_bunga_flamingo_lily_flower_m2_m2,-,-,90,10,anthurium_bunga,6,tbl_5.5
Sikka,palem_palm_pohon_tree,-,-,370,28,palem_palm,8,tbl_5.5
Sikka,pedang_pedangan_sanseviera_m2_m2,-,-,195,19,pedang_pedangan,9,tbl_5.5
Sikka,pisang_pisangan_heliconia_m2_m2,-,-,132,26,pisang_pisangan,10,tbl_5.5
Sikka,soka_ixora_m2_m2,-,-,118,13,soka_ixora,12,tbl_5.5
Sikka,sri_rejeki_aglaonema_m2_m2,-,-,90,9,sri_rejeki,13,tbl_5.5
Paga,anggrek_potong_cut_orchid_m2_m2,...,-,-,-,anggrek_potong,2,tbl_5.5
Paga,anggrek_pot_orchid_potted_orchid_m2_m2,...,-,-,-,anggrek_pot,1,tbl_5.5
Paga,bugenvil_m2_m2,...,-,-,-,bugenvil_m2,7,tbl_5.5
Paga,puring_croton_m2_m2,...,-,-,-,puring_croton,11,tbl_5.5
Mego,anggrek_potong_cut_orchid_m2_m2,...,-,-,-,anggrek_potong,2,tbl_5.5
Mego,anggrek_pot_orchid_potted_orchid_m2_m2,...,-,-,-,anggrek_pot,1,tbl_5.5
Mego,bugenvil_m2_m2,...,-,-,-,bugenvil_m2,7,tbl_5.5
Mego,puring_croton_m2_m2,...,-,-,-,puring_croton,11,tbl_5.5
Tana Wawo,anggrek_potong_cut_orchid_m2_m2,...,-,-,-,anggrek_potong,2,tbl_5.5
Tana Wawo,anggrek_pot_orchid_potted_orchid_m2_m2,...,-,-,-,anggrek_pot,1,tbl_5.5
Tana Wawo,bugenvil_m2_m2,...,-,-,-,bugenvil_m2,7,tbl_5.5
Tana Wawo,puring_croton_m2_m2,...,-,-,-,puring_croton,11,tbl_5.5
Lela,anggrek_potong_cut_orchid_m2_m2,...,-,-,-,anggrek_potong,2,tbl_5.5
Lela,anggrek_pot_orchid_potted_orchid_m2_m2,...,-,-,-,anggrek_pot,1,tbl_5.5
Lela,bugenvil_m2_m2,...,-,-,-,bugenvil_m2,7,tbl_5.5
Lela,puring_croton_m2_m2,...,-,-,-,puring_croton,11,tbl_5.5
Bola,anggrek_potong_cut_orchid_m2_m2,...,-,-,-,anggrek_potong,2,tbl_5.5
Bola,anggrek_pot_orchid_potted_orchid_m2_m2,...,-,-,-,anggrek_pot,1,tbl_5.5
Bola,bugenvil_m2_m2,...,-,-,-,bugenvil_m2,7,tbl_5.5
Bola,puring_croton_m2_m2,...,-,-,-,puring_croton,11,tbl_5.5
Doreng,anggrek_potong_cut_orchid_m2_m2,...,-,-,-,anggrek_potong,2,tbl_5.5
Doreng,anggrek_pot_orchid_potted_orchid_m2_m2,...,-,-,-,anggrek_pot,1,tbl_5.5
Doreng,bugenvil_m2_m2,...,-,-,-,bugenvil_m2,7,tbl_5.5
Doreng,puring_croton_m2_m2,...,-,-,-,puring_croton,11,tbl_5.5
Mapitara,anggrek_potong_cut_orchid_m2_m2,...,-,-,-,anggrek_potong,2,tbl_5.5
Mapitara,anggrek_pot_orchid_potted_orchid_m2_m2,...,-,-,-,anggrek_pot,1,tbl_5.5
Mapitara,bugenvil_m2_m2,...,-,-,-,bugenvil_m2,7,tbl_5.5
Mapitara,puring_croton_m2_m2,...,-,-,-,puring_croton,11,tbl_5.5
Talibura,anggrek_potong_cut_orchid_m2_m2,...,-,-,-,anggrek_potong,2,tbl_5.5
Talibura,anggrek_pot_orchid_potted_orchid_m2_m2,...,-,-,-,anggrek_pot,1,tbl_5.5
Talibura,bugenvil_m2_m2,...,-,-,-,bugenvil_m2,7,tbl_5.5
Talibura,puring_croton_m2_m2,...,-,-,-,puring_croton,11,tbl_5.5
Waigete,anggrek_potong_cut_orchid_m2_m2,...,-,-,-,anggrek_potong,2,tbl_5.5
Waigete,anggrek_pot_orchid_potted_orchid_m2_m2,...,-,-,-,anggrek_pot,1,tbl_5.5
Waigete,bugenvil_m2_m2,...,-,-,-,bugenvil_m2,7,tbl_5.5
Waigete,puring_croton_m2_m2,...,-,-,-,puring_croton,11,tbl_5.5
Waiblama,anggrek_potong_cut_orchid_m2_m2,...,-,-,-,anggrek_potong,2,tbl_5.5
Waiblama,anggrek_pot_orchid_potted_orchid_m2_m2,...,-,-,-,anggrek_pot,1,tbl_5.5
Waiblama,bugenvil_m2_m2,...,-,-,-,bugenvil_m2,7,tbl_5.5
Waiblama,puring_croton_m2_m2,...,-,-,-,puring_croton,11,tbl_5.5
Kewapante,anggrek_potong_cut_orchid_m2_m2,...,-,-,-,anggrek_potong,2,tbl_5.5
Kewapante,anggrek_pot_orchid_potted_orchid_m2_m2,...,-,-,-,anggrek_pot,1,tbl_5.5
Kewapante,bugenvil_m2_m2,...,-,-,-,bugenvil_m2,7,tbl_5.5
Kewapante,puring_croton_m2_m2,...,-,-,-,puring_croton,11,tbl_5.5
Hewokloang,anggrek_potong_cut_orchid_m2_m2,...,-,-,-,anggrek_potong,2,tbl_5.5
Hewokloang,anggrek_pot_orchid_potted_orchid_m2_m2,...,-,-,-,anggrek_pot,1,tbl_5.5
Hewokloang,bugenvil_m2_m2,...,-,-,-,bugenvil_m2,7,tbl_5.5
Hewokloang,puring_croton_m2_m2,...,-,-,-,puring_croton,11,tbl_5.5
Kangae,anggrek_potong_cut_orchid_m2_m2,...,-,-,-,anggrek_potong,2,tbl_5.5
Kangae,anggrek_pot_orchid_potted_orchid_m2_m2,...,-,-,-,anggrek_pot,1,tbl_5.5
Kangae,bugenvil_m2_m2,...,-,-,-,bugenvil_m2,7,tbl_5.5
Kangae,puring_croton_m2_m2,...,-,-,-,puring_croton,11,tbl_5.5
Palue,anggrek_potong_cut_orchid_m2_m2,...,-,-,-,anggrek_potong,2,tbl_5.5
Palue,anggrek_pot_orchid_potted_orchid_m2_m2,...,-,-,-,anggrek_pot,1,tbl_5.5
Palue,bugenvil_m2_m2,...,-,-,-,bugenvil_m2,7,tbl_5.5
Palue,puring_croton_m2_m2,...,-,-,-,puring_croton,11,tbl_5.5
Koting,anggrek_potong_cut_orchid_m2_m2,...,-,-,-,anggrek_potong,2,tbl_5.5
Koting,anggrek_pot_orchid_potted_orchid_m2_m2,...,-,-,-,anggrek_pot,1,tbl_5.5
Koting,bugenvil_m2_m2,...,-,-,1,bugenvil_m2,7,tbl_5.5
Koting,puring_croton_m2_m2,...,-,-,-,puring_croton,11,tbl_5.5
Nelle,anggrek_potong_cut_orchid_m2_m2,...,-,-,-,anggrek_potong,2,tbl_5.5
Nelle,anggrek_pot_orchid_potted_orchid_m2_m2,...,-,-,-,anggrek_pot,1,tbl_5.5
Nelle,bugenvil_m2_m2,...,-,-,-,bugenvil_m2,7,tbl_5.5
Nelle,puring_croton_m2_m2,...,-,-,-,puring_croton,11,tbl_5.5
Nita,anggrek_potong_cut_orchid_m2_m2,...,-,-,-,anggrek_potong,2,tbl_5.5
Nita,anggrek_pot_orchid_potted_orchid_m2_m2,...,-,-,-,anggrek_pot,1,tbl_5.5
Nita,bugenvil_m2_m2,...,-,-,-,bugenvil_m2,7,tbl_5.5
Nita,puring_croton_m2_m2,...,-,-,-,puring_croton,11,tbl_5.5
Magepanda,anggrek_potong_cut_orchid_m2_m2,...,-,-,-,anggrek_potong,2,tbl_5.5
Magepanda,anggrek_pot_orchid_potted_orchid_m2_m2,...,-,-,-,anggrek_pot,1,tbl_5.5
Magepanda,bugenvil_m2_m2,...,-,-,-,bugenvil_m2,7,tbl_5.5
Magepanda,puring_croton_m2_m2,...,-,-,-,puring_croton,11,tbl_5.5
Alok,anggrek_potong_cut_orchid_m2_m2,...,-,-,-,anggrek_potong,2,tbl_5.5
Alok,anggrek_pot_orchid_potted_orchid_m2_m2,...,-,-,-,anggrek_pot,1,tbl_5.5
Alok,bugenvil_m2_m2,...,-,-,-,bugenvil_m2,7,tbl_5.5
Alok,puring_croton_m2_m2,...,-,-,-,puring_croton,11,tbl_5.5
Alok Barat,anggrek_potong_cut_orchid_m2_m2,...,-,-,-,anggrek_potong,2,tbl_5.5
Alok Barat,anggrek_pot_orchid_potted_orchid_m2_m2,...,-,-,-,anggrek_pot,1,tbl_5.5
Alok Barat,bugenvil_m2_m2,...,-,-,-,bugenvil_m2,7,tbl_5.5
Alok Barat,puring_croton_m2_m2,...,-,-,-,puring_croton,11,tbl_5.5
Alok Timur,anggrek_potong_cut_orchid_m2_m2,...,-,-,-,anggrek_potong,2,tbl_5.5
Alok Timur,anggrek_pot_orchid_potted_orchid_m2_m2,...,-,40,9,anggrek_pot,1,tbl_5.5
Alok Timur,bugenvil_m2_m2,...,-,180,18,bugenvil_m2,7,tbl_5.5
Alok Timur,puring_croton_m2_m2,...,-,160,13,puring_croton,11,tbl_5.5
Sikka,anggrek_potong_cut_orchid_m2_m2,...,-,-,-,anggrek_potong,2,tbl_5.5
Sikka,anggrek_pot_orchid_potted_orchid_m2_m2,...,-,40,9,anggrek_pot,1,tbl_5.5
Sikka,bugenvil_m2_m2,...,-,180,19,bugenvil_m2,7,tbl_5.5
Sikka,puring_croton_m2_m2,...,-,160,13,puring_croton,11,tbl_5.5
Paga,krisan_chrysantemum_tangkai_stalks,-,-,-,-,krisan_chrysantemum,3,tbl_5.6
Paga,mawar_rose_tangkai_stalks,-,-,-,-,mawar_rose,4,tbl_5.6
Paga,sedap_malam_tuberose_tangkai_stalks,-,-,-,-,sedap_malam,5,tbl_5.6
Paga,anthurium_bunga_flamingo_lily_flower_tangkai_stalks,-,-,-,-,anthurium_bunga,6,tbl_5.6
Paga,palem_palm_pohon_tree,-,-,-,-,palem_palm,8,tbl_5.6
Paga,pedang_pedangan_sanseviera_rumpun_clumps,-,-,-,-,pedang_pedangan,9,tbl_5.6
Paga,pisang_pisangan_heliconia_tangkai_stalks,-,-,-,-,pisang_pisangan,10,tbl_5.6
Paga,soka_ixora_pohon_tree,-,-,-,-,soka_ixora,12,tbl_5.6
Paga,sri_rejeki_aglaonema_pohon_tree,-,-,-,-,sri_rejeki,13,tbl_5.6
Mego,krisan_chrysantemum_tangkai_stalks,-,-,-,-,krisan_chrysantemum,3,tbl_5.6
Mego,mawar_rose_tangkai_stalks,-,-,-,-,mawar_rose,4,tbl_5.6
Mego,sedap_malam_tuberose_tangkai_stalks,-,-,-,-,sedap_malam,5,tbl_5.6
Mego,anthurium_bunga_flamingo_lily_flower_tangkai_stalks,-,-,-,-,anthurium_bunga,6,tbl_5.6
Mego,palem_palm_pohon_tree,-,-,-,-,palem_palm,8,tbl_5.6
Mego,pedang_pedangan_sanseviera_rumpun_clumps,-,-,-,-,pedang_pedangan,9,tbl_5.6
Mego,pisang_pisangan_heliconia_tangkai_stalks,-,-,-,-,pisang_pisangan,10,tbl_5.6
Mego,soka_ixora_pohon_tree,-,-,-,-,soka_ixora,12,tbl_5.6
Mego,sri_rejeki_aglaonema_pohon_tree,-,-,-,-,sri_rejeki,13,tbl_5.6
Tana Wawo,krisan_chrysantemum_tangkai_stalks,-,-,-,-,krisan_chrysantemum,3,tbl_5.6
Tana Wawo,mawar_rose_tangkai_stalks,-,-,-,-,mawar_rose,4,tbl_5.6
Tana Wawo,sedap_malam_tuberose_tangkai_stalks,-,-,-,-,sedap_malam,5,tbl_5.6
Tana Wawo,anthurium_bunga_flamingo_lily_flower_tangkai_stalks,-,-,-,-,anthurium_bunga,6,tbl_5.6
Tana Wawo,palem_palm_pohon_tree,-,-,-,-,palem_palm,8,tbl_5.6
Tana Wawo,pedang_pedangan_sanseviera_rumpun_clumps,-,-,-,-,pedang_pedangan,9,tbl_5.6
Tana Wawo,pisang_pisangan_heliconia_tangkai_stalks,-,-,-,-,pisang_pisangan,10,tbl_5.6
Tana Wawo,soka_ixora_pohon_tree,-,-,-,-,soka_ixora,12,tbl_5.6
Tana Wawo,sri_rejeki_aglaonema_pohon_tree,-,-,-,-,sri_rejeki,13,tbl_5.6
Lela,krisan_chrysantemum_tangkai_stalks,-,-,-,-,krisan_chrysantemum,3,tbl_5.6
Lela,mawar_rose_tangkai_stalks,-,-,-,-,mawar_rose,4,tbl_5.6
Lela,sedap_malam_tuberose_tangkai_stalks,-,-,-,-,sedap_malam,5,tbl_5.6
Lela,anthurium_bunga_flamingo_lily_flower_tangkai_stalks,-,-,-,-,anthurium_bunga,6,tbl_5.6
Lela,palem_palm_pohon_tree,-,-,-,-,palem_palm,8,tbl_5.6
Lela,pedang_pedangan_sanseviera_rumpun_clumps,-,-,-,-,pedang_pedangan,9,tbl_5.6
Lela,pisang_pisangan_heliconia_tangkai_stalks,-,-,-,-,pisang_pisangan,10,tbl_5.6
Lela,soka_ixora_pohon_tree,-,-,-,-,soka_ixora,12,tbl_5.6
Lela,sri_rejeki_aglaonema_pohon_tree,-,-,-,-,sri_rejeki,13,tbl_5.6
Bola,krisan_chrysantemum_tangkai_stalks,-,-,-,-,krisan_chrysantemum,3,tbl_5.6
Bola,mawar_rose_tangkai_stalks,-,-,-,-,mawar_rose,4,tbl_5.6
Bola,sedap_malam_tuberose_tangkai_stalks,-,-,-,-,sedap_malam,5,tbl_5.6
Bola,anthurium_bunga_flamingo_lily_flower_tangkai_stalks,-,-,-,-,anthurium_bunga,6,tbl_5.6
Bola,palem_palm_pohon_tree,-,-,-,-,palem_palm,8,tbl_5.6
Bola,pedang_pedangan_sanseviera_rumpun_clumps,-,-,-,-,pedang_pedangan,9,tbl_5.6
Bola,pisang_pisangan_heliconia_tangkai_stalks,-,-,-,-,pisang_pisangan,10,tbl_5.6
Bola,soka_ixora_pohon_tree,-,-,-,-,soka_ixora,12,tbl_5.6
Bola,sri_rejeki_aglaonema_pohon_tree,-,-,-,-,sri_rejeki,13,tbl_5.6
Doreng,krisan_chrysantemum_tangkai_stalks,-,-,-,-,krisan_chrysantemum,3,tbl_5.6
Doreng,mawar_rose_tangkai_stalks,-,-,-,-,mawar_rose,4,tbl_5.6
Doreng,sedap_malam_tuberose_tangkai_stalks,-,-,-,-,sedap_malam,5,tbl_5.6
Doreng,anthurium_bunga_flamingo_lily_flower_tangkai_stalks,-,-,-,-,anthurium_bunga,6,tbl_5.6
Doreng,palem_palm_pohon_tree,-,-,-,-,palem_palm,8,tbl_5.6
Doreng,pedang_pedangan_sanseviera_rumpun_clumps,-,-,-,-,pedang_pedangan,9,tbl_5.6
Doreng,pisang_pisangan_heliconia_tangkai_stalks,-,-,-,-,pisang_pisangan,10,tbl_5.6
Doreng,soka_ixora_pohon_tree,-,-,-,-,soka_ixora,12,tbl_5.6
Doreng,sri_rejeki_aglaonema_pohon_tree,-,-,-,-,sri_rejeki,13,tbl_5.6
Mapitara,krisan_chrysantemum_tangkai_stalks,-,-,-,-,krisan_chrysantemum,3,tbl_5.6
Mapitara,mawar_rose_tangkai_stalks,-,-,-,-,mawar_rose,4,tbl_5.6
Mapitara,sedap_malam_tuberose_tangkai_stalks,-,-,-,-,sedap_malam,5,tbl_5.6
Mapitara,anthurium_bunga_flamingo_lily_flower_tangkai_stalks,-,-,-,-,anthurium_bunga,6,tbl_5.6
Mapitara,palem_palm_pohon_tree,-,-,-,-,palem_palm,8,tbl_5.6
Mapitara,pedang_pedangan_sanseviera_rumpun_clumps,-,-,-,-,pedang_pedangan,9,tbl_5.6
Mapitara,pisang_pisangan_heliconia_tangkai_stalks,-,-,-,-,pisang_pisangan,10,tbl_5.6
Mapitara,soka_ixora_pohon_tree,-,-,-,-,soka_ixora,12,tbl_5.6
Mapitara,sri_rejeki_aglaonema_pohon_tree,-,-,-,-,sri_rejeki,13,tbl_5.6
Talibura,krisan_chrysantemum_tangkai_stalks,-,-,-,-,krisan_chrysantemum,3,tbl_5.6
Talibura,mawar_rose_tangkai_stalks,-,-,-,-,mawar_rose,4,tbl_5.6
Talibura,sedap_malam_tuberose_tangkai_stalks,-,-,-,-,sedap_malam,5,tbl_5.6
Talibura,anthurium_bunga_flamingo_lily_flower_tangkai_stalks,-,-,-,-,anthurium_bunga,6,tbl_5.6
Talibura,palem_palm_pohon_tree,-,-,-,-,palem_palm,8,tbl_5.6
Talibura,pedang_pedangan_sanseviera_rumpun_clumps,-,-,-,-,pedang_pedangan,9,tbl_5.6
Talibura,pisang_pisangan_heliconia_tangkai_stalks,-,-,-,-,pisang_pisangan,10,tbl_5.6
Talibura,soka_ixora_pohon_tree,-,-,-,-,soka_ixora,12,tbl_5.6
Talibura,sri_rejeki_aglaonema_pohon_tree,-,-,-,-,sri_rejeki,13,tbl_5.6
Waigete,krisan_chrysantemum_tangkai_stalks,-,-,-,-,krisan_chrysantemum,3,tbl_5.6
Waigete,mawar_rose_tangkai_stalks,-,-,-,-,mawar_rose,4,tbl_5.6
Waigete,sedap_malam_tuberose_tangkai_stalks,-,-,-,-,sedap_malam,5,tbl_5.6
Waigete,anthurium_bunga_flamingo_lily_flower_tangkai_stalks,-,-,-,-,anthurium_bunga,6,tbl_5.6
Waigete,palem_palm_pohon_tree,-,-,-,-,palem_palm,8,tbl_5.6
Waigete,pedang_pedangan_sanseviera_rumpun_clumps,-,-,-,-,pedang_pedangan,9,tbl_5.6
Waigete,pisang_pisangan_heliconia_tangkai_stalks,-,-,-,-,pisang_pisangan,10,tbl_5.6
Waigete,soka_ixora_pohon_tree,-,-,-,-,soka_ixora,12,tbl_5.6
Waigete,sri_rejeki_aglaonema_pohon_tree,-,-,-,-,sri_rejeki,13,tbl_5.6
Waiblama,krisan_chrysantemum_tangkai_stalks,-,-,-,-,krisan_chrysantemum,3,tbl_5.6
Waiblama,mawar_rose_tangkai_stalks,-,-,-,-,mawar_rose,4,tbl_5.6
Waiblama,sedap_malam_tuberose_tangkai_stalks,-,-,-,-,sedap_malam,5,tbl_5.6
Waiblama,anthurium_bunga_flamingo_lily_flower_tangkai_stalks,-,-,-,-,anthurium_bunga,6,tbl_5.6
Waiblama,palem_palm_pohon_tree,-,-,-,-,palem_palm,8,tbl_5.6
Waiblama,pedang_pedangan_sanseviera_rumpun_clumps,-,-,-,-,pedang_pedangan,9,tbl_5.6
Waiblama,pisang_pisangan_heliconia_tangkai_stalks,-,-,-,-,pisang_pisangan,10,tbl_5.6
Waiblama,soka_ixora_pohon_tree,-,-,-,-,soka_ixora,12,tbl_5.6
Waiblama,sri_rejeki_aglaonema_pohon_tree,-,-,-,-,sri_rejeki,13,tbl_5.6
Kewapante,krisan_chrysantemum_tangkai_stalks,-,-,-,-,krisan_chrysantemum,3,tbl_5.6
Kewapante,mawar_rose_tangkai_stalks,-,-,-,-,mawar_rose,4,tbl_5.6
Kewapante,sedap_malam_tuberose_tangkai_stalks,-,-,-,-,sedap_malam,5,tbl_5.6
Kewapante,anthurium_bunga_flamingo_lily_flower_tangkai_stalks,-,-,-,-,anthurium_bunga,6,tbl_5.6
Kewapante,palem_palm_pohon_tree,-,-,-,-,palem_palm,8,tbl_5.6
Kewapante,pedang_pedangan_sanseviera_rumpun_clumps,-,-,-,-,pedang_pedangan,9,tbl_5.6
Kewapante,pisang_pisangan_heliconia_tangkai_stalks,-,-,-,-,pisang_pisangan,10,tbl_5.6
Kewapante,soka_ixora_pohon_tree,-,-,-,-,soka_ixora,12,tbl_5.6
Kewapante,sri_rejeki_aglaonema_pohon_tree,-,-,-,-,sri_rejeki,13,tbl_5.6
Hewokloang,krisan_chrysantemum_tangkai_stalks,-,-,-,-,krisan_chrysantemum,3,tbl_5.6
Hewokloang,mawar_rose_tangkai_stalks,-,-,-,-,mawar_rose,4,tbl_5.6
Hewokloang,sedap_malam_tuberose_tangkai_stalks,-,-,-,-,sedap_malam,5,tbl_5.6
Hewokloang,anthurium_bunga_flamingo_lily_flower_tangkai_stalks,-,-,-,-,anthurium_bunga,6,tbl_5.6
Hewokloang,palem_palm_pohon_tree,-,-,-,-,palem_palm,8,tbl_5.6
Hewokloang,pedang_pedangan_sanseviera_rumpun_clumps,-,-,-,-,pedang_pedangan,9,tbl_5.6
Hewokloang,pisang_pisangan_heliconia_tangkai_stalks,-,-,-,-,pisang_pisangan,10,tbl_5.6
Hewokloang,soka_ixora_pohon_tree,-,-,-,-,soka_ixora,12,tbl_5.6
Hewokloang,sri_rejeki_aglaonema_pohon_tree,-,-,-,-,sri_rejeki,13,tbl_5.6
Kangae,krisan_chrysantemum_tangkai_stalks,-,-,-,-,krisan_chrysantemum,3,tbl_5.6
Kangae,mawar_rose_tangkai_stalks,-,-,-,-,mawar_rose,4,tbl_5.6
Kangae,sedap_malam_tuberose_tangkai_stalks,-,-,-,-,sedap_malam,5,tbl_5.6
Kangae,anthurium_bunga_flamingo_lily_flower_tangkai_stalks,-,-,-,-,anthurium_bunga,6,tbl_5.6
Kangae,palem_palm_pohon_tree,-,-,-,-,palem_palm,8,tbl_5.6
Kangae,pedang_pedangan_sanseviera_rumpun_clumps,-,-,-,-,pedang_pedangan,9,tbl_5.6
Kangae,pisang_pisangan_heliconia_tangkai_stalks,-,-,-,-,pisang_pisangan,10,tbl_5.6
Kangae,soka_ixora_pohon_tree,-,-,-,-,soka_ixora,12,tbl_5.6
Kangae,sri_rejeki_aglaonema_pohon_tree,-,-,-,-,sri_rejeki,13,tbl_5.6
Palue,krisan_chrysantemum_tangkai_stalks,-,-,-,-,krisan_chrysantemum,3,tbl_5.6
Palue,mawar_rose_tangkai_stalks,-,-,-,-,mawar_rose,4,tbl_5.6
Palue,sedap_malam_tuberose_tangkai_stalks,-,-,-,-,sedap_malam,5,tbl_5.6
Palue,anthurium_bunga_flamingo_lily_flower_tangkai_stalks,-,-,-,-,anthurium_bunga,6,tbl_5.6
Palue,palem_palm_pohon_tree,-,-,-,-,palem_palm,8,tbl_5.6
Palue,pedang_pedangan_sanseviera_rumpun_clumps,-,-,-,-,pedang_pedangan,9,tbl_5.6
Palue,pisang_pisangan_heliconia_tangkai_stalks,-,-,-,-,pisang_pisangan,10,tbl_5.6
Palue,soka_ixora_pohon_tree,-,-,-,-,soka_ixora,12,tbl_5.6
Palue,sri_rejeki_aglaonema_pohon_tree,-,-,-,-,sri_rejeki,13,tbl_5.6
Koting,krisan_chrysantemum_tangkai_stalks,-,-,-,-,krisan_chrysantemum,3,tbl_5.6
Koting,mawar_rose_tangkai_stalks,-,-,-,-,mawar_rose,4,tbl_5.6
Koting,sedap_malam_tuberose_tangkai_stalks,-,-,-,-,sedap_malam,5,tbl_5.6
Koting,anthurium_bunga_flamingo_lily_flower_tangkai_stalks,-,-,-,-,anthurium_bunga,6,tbl_5.6
Koting,palem_palm_pohon_tree,-,-,-,-,palem_palm,8,tbl_5.6
Koting,pedang_pedangan_sanseviera_rumpun_clumps,-,-,-,5,pedang_pedangan,9,tbl_5.6
Koting,pisang_pisangan_heliconia_tangkai_stalks,-,-,-,3,pisang_pisangan,10,tbl_5.6
Koting,soka_ixora_pohon_tree,-,-,-,-,soka_ixora,12,tbl_5.6
Koting,sri_rejeki_aglaonema_pohon_tree,-,-,-,-,sri_rejeki,13,tbl_5.6
Nelle,krisan_chrysantemum_tangkai_stalks,-,-,-,-,krisan_chrysantemum,3,tbl_5.6
Nelle,mawar_rose_tangkai_stalks,-,-,-,-,mawar_rose,4,tbl_5.6
Nelle,sedap_malam_tuberose_tangkai_stalks,-,-,-,-,sedap_malam,5,tbl_5.6
Nelle,anthurium_bunga_flamingo_lily_flower_tangkai_stalks,-,-,-,-,anthurium_bunga,6,tbl_5.6
Nelle,palem_palm_pohon_tree,-,-,-,-,palem_palm,8,tbl_5.6
Nelle,pedang_pedangan_sanseviera_rumpun_clumps,-,-,-,-,pedang_pedangan,9,tbl_5.6
Nelle,pisang_pisangan_heliconia_tangkai_stalks,-,-,-,-,pisang_pisangan,10,tbl_5.6
Nelle,soka_ixora_pohon_tree,-,-,-,-,soka_ixora,12,tbl_5.6
Nelle,sri_rejeki_aglaonema_pohon_tree,-,-,-,-,sri_rejeki,13,tbl_5.6
Nita,krisan_chrysantemum_tangkai_stalks,-,-,-,-,krisan_chrysantemum,3,tbl_5.6
Nita,mawar_rose_tangkai_stalks,-,-,-,-,mawar_rose,4,tbl_5.6
Nita,sedap_malam_tuberose_tangkai_stalks,-,-,-,-,sedap_malam,5,tbl_5.6
Nita,anthurium_bunga_flamingo_lily_flower_tangkai_stalks,-,-,-,-,anthurium_bunga,6,tbl_5.6
Nita,palem_palm_pohon_tree,-,-,-,-,palem_palm,8,tbl_5.6
Nita,pedang_pedangan_sanseviera_rumpun_clumps,-,-,-,-,pedang_pedangan,9,tbl_5.6
Nita,pisang_pisangan_heliconia_tangkai_stalks,-,-,-,-,pisang_pisangan,10,tbl_5.6
Nita,soka_ixora_pohon_tree,-,-,-,-,soka_ixora,12,tbl_5.6
Nita,sri_rejeki_aglaonema_pohon_tree,-,-,-,-,sri_rejeki,13,tbl_5.6
Magepanda,krisan_chrysantemum_tangkai_stalks,-,-,-,-,krisan_chrysantemum,3,tbl_5.6
Magepanda,mawar_rose_tangkai_stalks,-,-,-,-,mawar_rose,4,tbl_5.6
Magepanda,sedap_malam_tuberose_tangkai_stalks,-,-,-,-,sedap_malam,5,tbl_5.6
Magepanda,anthurium_bunga_flamingo_lily_flower_tangkai_stalks,-,-,-,-,anthurium_bunga,6,tbl_5.6
Magepanda,palem_palm_pohon_tree,-,-,-,-,palem_palm,8,tbl_5.6
Magepanda,pedang_pedangan_sanseviera_rumpun_clumps,-,-,-,-,pedang_pedangan,9,tbl_5.6
Magepanda,pisang_pisangan_heliconia_tangkai_stalks,-,-,-,-,pisang_pisangan,10,tbl_5.6
Magepanda,soka_ixora_pohon_tree,-,-,-,-,soka_ixora,12,tbl_5.6
Magepanda,sri_rejeki_aglaonema_pohon_tree,-,-,-,-,sri_rejeki,13,tbl_5.6
Alok,krisan_chrysantemum_tangkai_stalks,-,-,-,-,krisan_chrysantemum,3,tbl_5.6
Alok,mawar_rose_tangkai_stalks,-,-,-,-,mawar_rose,4,tbl_5.6
Alok,sedap_malam_tuberose_tangkai_stalks,-,-,-,-,sedap_malam,5,tbl_5.6
Alok,anthurium_bunga_flamingo_lily_flower_tangkai_stalks,-,-,-,-,anthurium_bunga,6,tbl_5.6
Alok,palem_palm_pohon_tree,-,-,-,-,palem_palm,8,tbl_5.6
Alok,pedang_pedangan_sanseviera_rumpun_clumps,-,-,-,-,pedang_pedangan,9,tbl_5.6
Alok,pisang_pisangan_heliconia_tangkai_stalks,-,-,-,-,pisang_pisangan,10,tbl_5.6
Alok,soka_ixora_pohon_tree,-,-,-,-,soka_ixora,12,tbl_5.6
Alok,sri_rejeki_aglaonema_pohon_tree,-,-,-,-,sri_rejeki,13,tbl_5.6
Alok Barat,krisan_chrysantemum_tangkai_stalks,-,-,-,-,krisan_chrysantemum,3,tbl_5.6
Alok Barat,mawar_rose_tangkai_stalks,-,-,-,-,mawar_rose,4,tbl_5.6
Alok Barat,sedap_malam_tuberose_tangkai_stalks,-,-,-,-,sedap_malam,5,tbl_5.6
Alok Barat,anthurium_bunga_flamingo_lily_flower_tangkai_stalks,-,-,-,-,anthurium_bunga,6,tbl_5.6
Alok Barat,palem_palm_pohon_tree,-,-,-,-,palem_palm,8,tbl_5.6
Alok Barat,pedang_pedangan_sanseviera_rumpun_clumps,-,-,-,-,pedang_pedangan,9,tbl_5.6
Alok Barat,pisang_pisangan_heliconia_tangkai_stalks,-,-,-,-,pisang_pisangan,10,tbl_5.6
Alok Barat,soka_ixora_pohon_tree,-,-,-,-,soka_ixora,12,tbl_5.6
Alok Barat,sri_rejeki_aglaonema_pohon_tree,-,-,-,-,sri_rejeki,13,tbl_5.6
Alok Timur,krisan_chrysantemum_tangkai_stalks,-,-,175,12,krisan_chrysantemum,3,tbl_5.6
Alok Timur,mawar_rose_tangkai_stalks,-,-,120,18,mawar_rose,4,tbl_5.6
Alok Timur,sedap_malam_tuberose_tangkai_stalks,-,-,-,-,sedap_malam,5,tbl_5.6
Alok Timur,anthurium_bunga_flamingo_lily_flower_tangkai_stalks,-,-,140,22,anthurium_bunga,6,tbl_5.6
Alok Timur,palem_palm_pohon_tree,-,-,370,37,palem_palm,8,tbl_5.6
Alok Timur,pedang_pedangan_sanseviera_rumpun_clumps,-,-,195,20,pedang_pedangan,9,tbl_5.6
Alok Timur,pisang_pisangan_heliconia_tangkai_stalks,-,-,132,41,pisang_pisangan,10,tbl_5.6
Alok Timur,soka_ixora_pohon_tree,-,-,141,19,soka_ixora,12,tbl_5.6
Alok Timur,sri_rejeki_aglaonema_pohon_tree,-,-,125,14,sri_rejeki,13,tbl_5.6
Sikka,krisan_chrysantemum_tangkai_stalks,-,-,175,12,krisan_chrysantemum,3,tbl_5.6
Sikka,mawar_rose_tangkai_stalks,-,-,120,18,mawar_rose,4,tbl_5.6
Sikka,sedap_malam_tuberose_tangkai_stalks,-,-,-,-,sedap_malam,5,tbl_5.6
Sikka,anthurium_bunga_flamingo_lily_flower_tangkai_stalks,-,-,140,22,anthurium_bunga,6,tbl_5.6
Sikka,palem_palm_pohon_tree,-,-,370,37,palem_palm,8,tbl_5.6
Sikka,pedang_pedangan_sanseviera_rumpun_clumps,-,-,195,25,pedang_pedangan,9,tbl_5.6
Sikka,pisang_pisangan_heliconia_tangkai_stalks,-,-,132,44,pisang_pisangan,10,tbl_5.6
Sikka,soka_ixora_pohon_tree,-,-,141,19,soka_ixora,12,tbl_5.6
Sikka,sri_rejeki_aglaonema_pohon_tree,-,-,125,14,sri_rejeki,13,tbl_5.6
Paga,anggrek_potong_cut_orchid_tangkai_stalks,...,-,-,-,anggrek_potong,2,tbl_5.6
Paga,anggrek_pot_potted_orchid_pohon_tree,...,-,-,-,anggrek_pot,1,tbl_5.6
Paga,bugenvil_pohon_tree,...,-,-,-,bugenvil_pohon,7,tbl_5.6
Paga,puring_croton_pohon_tree,...,-,-,-,puring_croton,11,tbl_5.6
Mego,anggrek_potong_cut_orchid_tangkai_stalks,...,-,-,-,anggrek_potong,2,tbl_5.6
Mego,anggrek_pot_potted_orchid_pohon_tree,...,-,-,-,anggrek_pot,1,tbl_5.6
Mego,bugenvil_pohon_tree,...,-,-,-,bugenvil_pohon,7,tbl_5.6
Mego,puring_croton_pohon_tree,...,-,-,-,puring_croton,11,tbl_5.6
Tana Wawo,anggrek_potong_cut_orchid_tangkai_stalks,...,-,-,-,anggrek_potong,2,tbl_5.6
Tana Wawo,anggrek_pot_potted_orchid_pohon_tree,...,-,-,-,anggrek_pot,1,tbl_5.6
Tana Wawo,bugenvil_pohon_tree,...,-,-,-,bugenvil_pohon,7,tbl_5.6
Tana Wawo,puring_croton_pohon_tree,...,-,-,-,puring_croton,11,tbl_5.6
Lela,anggrek_potong_cut_orchid_tangkai_stalks,...,-,-,-,anggrek_potong,2,tbl_5.6
Lela,anggrek_pot_potted_orchid_pohon_tree,...,-,-,-,anggrek_pot,1,tbl_5.6
Lela,bugenvil_pohon_tree,...,-,-,-,bugenvil_pohon,7,tbl_5.6
Lela,puring_croton_pohon_tree,...,-,-,-,puring_croton,11,tbl_5.6
Bola,anggrek_potong_cut_orchid_tangkai_stalks,...,-,-,-,anggrek_potong,2,tbl_5.6
Bola,anggrek_pot_potted_orchid_pohon_tree,...,-,-,-,anggrek_pot,1,tbl_5.6
Bola,bugenvil_pohon_tree,...,-,-,-,bugenvil_pohon,7,tbl_5.6
Bola,puring_croton_pohon_tree,...,-,-,-,puring_croton,11,tbl_5.6
Doreng,anggrek_potong_cut_orchid_tangkai_stalks,...,-,-,-,anggrek_potong,2,tbl_5.6
Doreng,anggrek_pot_potted_orchid_pohon_tree,...,-,-,-,anggrek_pot,1,tbl_5.6
Doreng,bugenvil_pohon_tree,...,-,-,-,bugenvil_pohon,7,tbl_5.6
Doreng,puring_croton_pohon_tree,...,-,-,-,puring_croton,11,tbl_5.6
Mapitara,anggrek_potong_cut_orchid_tangkai_stalks,...,-,-,-,anggrek_potong,2,tbl_5.6
Mapitara,anggrek_pot_potted_orchid_pohon_tree,...,-,-,-,anggrek_pot,1,tbl_5.6
Mapitara,bugenvil_pohon_tree,...,-,-,-,bugenvil_pohon,7,tbl_5.6
Mapitara,puring_croton_pohon_tree,...,-,-,-,puring_croton,11,tbl_5.6
Talibura,anggrek_potong_cut_orchid_tangkai_stalks,...,-,-,-,anggrek_potong,2,tbl_5.6
Talibura,anggrek_pot_potted_orchid_pohon_tree,...,-,-,-,anggrek_pot,1,tbl_5.6
Talibura,bugenvil_pohon_tree,...,-,-,-,bugenvil_pohon,7,tbl_5.6
Talibura,puring_croton_pohon_tree,...,-,-,-,puring_croton,11,tbl_5.6
Waigete,anggrek_potong_cut_orchid_tangkai_stalks,...,-,-,-,anggrek_potong,2,tbl_5.6
Waigete,anggrek_pot_potted_orchid_pohon_tree,...,-,-,-,anggrek_pot,1,tbl_5.6
Waigete,bugenvil_pohon_tree,...,-,-,-,bugenvil_pohon,7,tbl_5.6
Waigete,puring_croton_pohon_tree,...,-,-,-,puring_croton,11,tbl_5.6
Waiblama,anggrek_potong_cut_orchid_tangkai_stalks,...,-,-,-,anggrek_potong,2,tbl_5.6
Waiblama,anggrek_pot_potted_orchid_pohon_tree,...,-,-,-,anggrek_pot,1,tbl_5.6
Waiblama,bugenvil_pohon_tree,...,-,-,-,bugenvil_pohon,7,tbl_5.6
Waiblama,puring_croton_pohon_tree,...,-,-,-,puring_croton,11,tbl_5.6
Kewapante,anggrek_potong_cut_orchid_tangkai_stalks,...,-,-,-,anggrek_potong,2,tbl_5.6
Kewapante,anggrek_pot_potted_orchid_pohon_tree,...,-,-,-,anggrek_pot,1,tbl_5.6
Kewapante,bugenvil_pohon_tree,...,-,-,-,bugenvil_pohon,7,tbl_5.6
Kewapante,puring_croton_pohon_tree,...,-,-,-,puring_croton,11,tbl_5.6
Hewokloang,anggrek_potong_cut_orchid_tangkai_stalks,...,-,-,-,anggrek_potong,2,tbl_5.6
Hewokloang,anggrek_pot_potted_orchid_pohon_tree,...,-,-,-,anggrek_pot,1,tbl_5.6
Hewokloang,bugenvil_pohon_tree,...,-,-,-,bugenvil_pohon,7,tbl_5.6
Hewokloang,puring_croton_pohon_tree,...,-,-,-,puring_croton,11,tbl_5.6
Kangae,anggrek_potong_cut_orchid_tangkai_stalks,...,-,-,-,anggrek_potong,2,tbl_5.6
Kangae,anggrek_pot_potted_orchid_pohon_tree,...,-,-,-,anggrek_pot,1,tbl_5.6
Kangae,bugenvil_pohon_tree,...,-,-,-,bugenvil_pohon,7,tbl_5.6
Kangae,puring_croton_pohon_tree,...,-,-,-,puring_croton,11,tbl_5.6
Palue,anggrek_potong_cut_orchid_tangkai_stalks,...,-,-,-,anggrek_potong,2,tbl_5.6
Palue,anggrek_pot_potted_orchid_pohon_tree,...,-,-,-,anggrek_pot,1,tbl_5.6
Palue,bugenvil_pohon_tree,...,-,-,-,bugenvil_pohon,7,tbl_5.6
Palue,puring_croton_pohon_tree,...,-,-,-,puring_croton,11,tbl_5.6
Koting,anggrek_potong_cut_orchid_tangkai_stalks,...,-,-,-,anggrek_potong,2,tbl_5.6
Koting,anggrek_pot_potted_orchid_pohon_tree,...,-,-,-,anggrek_pot,1,tbl_5.6
Koting,bugenvil_pohon_tree,...,-,-,1,bugenvil_pohon,7,tbl_5.6
Koting,puring_croton_pohon_tree,...,-,-,-,puring_croton,11,tbl_5.6
Nelle,anggrek_potong_cut_orchid_tangkai_stalks,...,-,-,-,anggrek_potong,2,tbl_5.6
Nelle,anggrek_pot_potted_orchid_pohon_tree,...,-,-,-,anggrek_pot,1,tbl_5.6
Nelle,bugenvil_pohon_tree,...,-,-,-,bugenvil_pohon,7,tbl_5.6
Nelle,puring_croton_pohon_tree,...,-,-,-,puring_croton,11,tbl_5.6
Nita,anggrek_potong_cut_orchid_tangkai_stalks,...,-,-,-,anggrek_potong,2,tbl_5.6
Nita,anggrek_pot_potted_orchid_pohon_tree,...,-,-,-,anggrek_pot,1,tbl_5.6
Nita,bugenvil_pohon_tree,...,-,-,-,bugenvil_pohon,7,tbl_5.6
Nita,puring_croton_pohon_tree,...,-,-,-,puring_croton,11,tbl_5.6
Magepanda,anggrek_potong_cut_orchid_tangkai_stalks,...,-,-,-,anggrek_potong,2,tbl_5.6
Magepanda,anggrek_pot_potted_orchid_pohon_tree,...,-,-,-,anggrek_pot,1,tbl_5.6
Magepanda,bugenvil_pohon_tree,...,-,-,-,bugenvil_pohon,7,tbl_5.6
Magepanda,puring_croton_pohon_tree,...,-,-,-,puring_croton,11,tbl_5.6
Alok,anggrek_potong_cut_orchid_tangkai_stalks,...,-,-,-,anggrek_potong,2,tbl_5.6
Alok,anggrek_pot_potted_orchid_pohon_tree,...,-,-,-,anggrek_pot,1,tbl_5.6
Alok,bugenvil_pohon_tree,...,-,-,-,bugenvil_pohon,7,tbl_5.6
Alok,puring_croton_pohon_tree,...,-,-,-,puring_croton,11,tbl_5.6
Alok Barat,anggrek_potong_cut_orchid_tangkai_stalks,...,-,-,-,anggrek_potong,2,tbl_5.6
Alok Barat,anggrek_pot_potted_orchid_pohon_tree,...,-,-,-,anggrek_pot,1,tbl_5.6
Alok Barat,bugenvil_pohon_tree,...,-,-,-,bugenvil_pohon,7,tbl_5.6
Alok Barat,puring_croton_pohon_tree,...,-,-,-,puring_croton,11,tbl_5.6
Alok Timur,anggrek_potong_cut_orchid_tangkai_stalks,...,-,-,-,anggrek_potong,2,tbl_5.6
Alok Timur,anggrek_pot_potted_orchid_pohon_tree,...,-,75,16,anggrek_pot,1,tbl_5.6
Alok Timur,bugenvil_pohon_tree,...,-,210,29,bugenvil_pohon,7,tbl_5.6
Alok Timur,puring_croton_pohon_tree,...,-,160,18,puring_croton,11,tbl_5.6
Sikka,anggrek_potong_cut_orchid_tangkai_stalks,...,-,-,-,anggrek_potong,2,tbl_5.6
Sikka,anggrek_pot_potted_orchid_pohon_tree,...,-,75,16,anggrek_pot,1,tbl_5.6
Sikka,bugenvil_pohon_tree,...,-,210,30,bugenvil_pohon,7,tbl_5.6
Sikka,puring_croton_pohon_tree,...,-,160,18,puring_croton,11,tbl_5.6
Paga,mangga_mango_kw_qui,5.900,180,360,504,mangga_mango,1,tbl_5.7
Paga,durian_durian_kw_qui,-,-,-,-,durian_durian,2,tbl_5.7
Paga,jeruk_siam_keprok_orange_tangerine_kw_qui,335.500,118.350,604,435,jeruk_siam,3,tbl_5.7
Paga,pisang_banana_kw_qui,475.000,34.160,5.075,2.764,pisang_banana,4,tbl_5.7
Paga,pepaya_papaya_kw_qui,7.089,2.568,687,481,pepaya_papaya,5,tbl_5.7
Paga,salak_snakefruit_kw_qui,6.300,8,-,-,salak_snakefruit,6,tbl_5.7
Mego,mangga_mango_kw_qui,5.500,6.000,1.274,66,mangga_mango,1,tbl_5.7
Mego,durian_durian_kw_qui,257,143,79,-,durian_durian,2,tbl_5.7
Mego,jeruk_siam_keprok_orange_tangerine_kw_qui,500,600,227,-,jeruk_siam,3,tbl_5.7
Mego,pisang_banana_kw_qui,15.500,6.400,725,121,pisang_banana,4,tbl_5.7
Mego,pepaya_papaya_kw_qui,1.650,700,340,57,pepaya_papaya,5,tbl_5.7
Mego,salak_snakefruit_kw_qui,141,277,99,-,salak_snakefruit,6,tbl_5.7
Tana Wawo,mangga_mango_kw_qui,4.200,2.500,509,119,mangga_mango,1,tbl_5.7
Tana Wawo,durian_durian_kw_qui,250,289,508,-,durian_durian,2,tbl_5.7
Tana Wawo,jeruk_siam_keprok_orange_tangerine_kw_qui,5.000,4.020,947,123,jeruk_siam,3,tbl_5.7
Tana Wawo,pisang_banana_kw_qui,93.000,46.580,5.613,568,pisang_banana,4,tbl_5.7
Tana Wawo,pepaya_papaya_kw_qui,3.200,531,175,67,pepaya_papaya,5,tbl_5.7
Tana Wawo,salak_snakefruit_kw_qui,-,-,-,-,salak_snakefruit,6,tbl_5.7
Lela,mangga_mango_kw_qui,2.250,14.200,3.333,1.449,mangga_mango,1,tbl_5.7
Lela,durian_durian_kw_qui,294,37,823,20,durian_durian,2,tbl_5.7
Lela,jeruk_siam_keprok_orange_tangerine_kw_qui,7,72,322,13,jeruk_siam,3,tbl_5.7
Lela,pisang_banana_kw_qui,22.762,31.243,37.716,4.052,pisang_banana,4,tbl_5.7
Lela,pepaya_papaya_kw_qui,3.604,894,5.544,331,pepaya_papaya,5,tbl_5.7
Lela,salak_snakefruit_kw_qui,4.480,1.180,2.200,40,salak_snakefruit,6,tbl_5.7
Bola,mangga_mango_kw_qui,14.100,1.680,1.680,1.394,mangga_mango,1,tbl_5.7
Bola,durian_durian_kw_qui,-,6.432,12.000,3.770,durian_durian,2,tbl_5.7
Bola,jeruk_siam_keprok_orange_tangerine_kw_qui,709,920,940,819,jeruk_siam,3,tbl_5.7
Bola,pisang_banana_kw_qui,1.305,1.320,1.320,1.410,pisang_banana,4,tbl_5.7
Bola,pepaya_papaya_kw_qui,1.050,430,363,721,pepaya_papaya,5,tbl_5.7
Bola,salak_snakefruit_kw_qui,-,-,1.270,884,salak_snakefruit,6,tbl_5.7
Doreng,mangga_mango_kw_qui,-,-,-,-,mangga_mango,1,tbl_5.7
Doreng,durian_durian_kw_qui,234,708,316,266,durian_durian,2,tbl_5.7
Doreng,jeruk_siam_keprok_orange_tangerine_kw_qui,-,-,-,-,jeruk_siam,3,tbl_5.7
Doreng,pisang_banana_kw_qui,74,195,-,260,pisang_banana,4,tbl_5.7
Doreng,pepaya_papaya_kw_qui,-,-,-,-,pepaya_papaya,5,tbl_5.7
Doreng,salak_snakefruit_kw_qui,-,-,-,-,salak_snakefruit,6,tbl_5.7
Mapitara,mangga_mango_kw_qui,-,229,820,760,mangga_mango,1,tbl_5.7
Mapitara,durian_durian_kw_qui,321,269,694,552,durian_durian,2,tbl_5.7
Mapitara,jeruk_siam_keprok_orange_tangerine_kw_qui,-,-,-,-,jeruk_siam,3,tbl_5.7
Mapitara,pisang_banana_kw_qui,33.051,8.262,1.760,1.402,pisang_banana,4,tbl_5.7
Mapitara,pepaya_papaya_kw_qui,7.084,6.063,307,263,pepaya_papaya,5,tbl_5.7
Mapitara,salak_snakefruit_kw_qui,-,-,-,-,salak_snakefruit,6,tbl_5.7
Talibura,mangga_mango_kw_qui,2.000,700,276,332,mangga_mango,1,tbl_5.7
Talibura,durian_durian_kw_qui,-,-,-,-,durian_durian,2,tbl_5.7
Talibura,jeruk_siam_keprok_orange_tangerine_kw_qui,-,-,-,-,jeruk_siam,3,tbl_5.7
Talibura,pisang_banana_kw_qui,29.810,72.000,22.052,16.591,pisang_banana,4,tbl_5.7
Talibura,pepaya_papaya_kw_qui,1.030,6.235,465,585,pepaya_papaya,5,tbl_5.7
Talibura,salak_snakefruit_kw_qui,259,600,137,20,salak_snakefruit,6,tbl_5.7
Waigete,mangga_mango_kw_qui,6.500,2.340,571,507,mangga_mango,1,tbl_5.7
Waigete,durian_durian_kw_qui,112,95,80,57,durian_durian,2,tbl_5.7
Waigete,jeruk_siam_keprok_orange_tangerine_kw_qui,57,70,17,55,jeruk_siam,3,tbl_5.7
Waigete,pisang_banana_kw_qui,41.060,13.140,2.900,1.595,pisang_banana,4,tbl_5.7
Waigete,pepaya_papaya_kw_qui,14.300,8.001,1.593,1.398,pepaya_papaya,5,tbl_5.7
Waigete,salak_snakefruit_kw_qui,485,650,62,10,salak_snakefruit,6,tbl_5.7
Waiblama,mangga_mango_kw_qui,450,251,654,1.133,mangga_mango,1,tbl_5.7
Waiblama,durian_durian_kw_qui,-,-,-,-,durian_durian,2,tbl_5.7
Waiblama,jeruk_siam_keprok_orange_tangerine_kw_qui,15,20,24,10,jeruk_siam,3,tbl_5.7
Waiblama,pisang_banana_kw_qui,13.991,4.468,5.002,2.255,pisang_banana,4,tbl_5.7
Waiblama,pepaya_papaya_kw_qui,4.200,3.930,1.455,1.193,pepaya_papaya,5,tbl_5.7
Waiblama,salak_snakefruit_kw_qui,-,4,4,1,salak_snakefruit,6,tbl_5.7
Kewapante,mangga_mango_kw_qui,5.200,697,340,531,mangga_mango,1,tbl_5.7
Kewapante,durian_durian_kw_qui,87,-,-,-,durian_durian,2,tbl_5.7
Kewapante,jeruk_siam_keprok_orange_tangerine_kw_qui,-,-,-,-,jeruk_siam,3,tbl_5.7
Kewapante,pisang_banana_kw_qui,14.200,1.200,850,827,pisang_banana,4,tbl_5.7
Kewapante,pepaya_papaya_kw_qui,4.065,2.300,1.650,863,pepaya_papaya,5,tbl_5.7
Kewapante,salak_snakefruit_kw_qui,-,-,-,-,salak_snakefruit,6,tbl_5.7
Hewokloang,mangga_mango_kw_qui,-,15,17,17,mangga_mango,1,tbl_5.7
Hewokloang,durian_durian_kw_qui,1,5,5,43,durian_durian,2,tbl_5.7
Hewokloang,jeruk_siam_keprok_orange_tangerine_kw_qui,-,-,-,-,jeruk_siam,3,tbl_5.7
Hewokloang,pisang_banana_kw_qui,3,15,10,30,pisang_banana,4,tbl_5.7
Hewokloang,pepaya_papaya_kw_qui,-,6,5,12,pepaya_papaya,5,tbl_5.7
Hewokloang,salak_snakefruit_kw_qui,1,6,6,5,salak_snakefruit,6,tbl_5.7
Kangae,mangga_mango_kw_qui,3.530,441,670,482,mangga_mango,1,tbl_5.7
Kangae,durian_durian_kw_qui,-,-,-,50,durian_durian,2,tbl_5.7
Kangae,jeruk_siam_keprok_orange_tangerine_kw_qui,-,50,47,33,jeruk_siam,3,tbl_5.7
Kangae,pisang_banana_kw_qui,3.400,22.300,1.383,1.732,pisang_banana,4,tbl_5.7
Kangae,pepaya_papaya_kw_qui,4.028,6.144,604,734,pepaya_papaya,5,tbl_5.7
Kangae,salak_snakefruit_kw_qui,-,-,8,91,salak_snakefruit,6,tbl_5.7
Palue,mangga_mango_kw_qui,317,154,16,91,mangga_mango,1,tbl_5.7
Palue,durian_durian_kw_qui,-,-,-,-,durian_durian,2,tbl_5.7
Palue,jeruk_siam_keprok_orange_tangerine_kw_qui,-,-,7,-,jeruk_siam,3,tbl_5.7
Palue,pisang_banana_kw_qui,930,1.100,271,367,pisang_banana,4,tbl_5.7
Palue,pepaya_papaya_kw_qui,2.920,1.090,196,171,pepaya_papaya,5,tbl_5.7
Palue,salak_snakefruit_kw_qui,-,-,-,-,salak_snakefruit,6,tbl_5.7
Koting,mangga_mango_kw_qui,5.340,3.200,992,1.476,mangga_mango,1,tbl_5.7
Koting,durian_durian_kw_qui,-,-,-,-,durian_durian,2,tbl_5.7
Koting,jeruk_siam_keprok_orange_tangerine_kw_qui,-,-,-,-,jeruk_siam,3,tbl_5.7
Koting,pisang_banana_kw_qui,8.600,3.800,1.736,1.178,pisang_banana,4,tbl_5.7
Koting,pepaya_papaya_kw_qui,1.940,4.500,1.288,815,pepaya_papaya,5,tbl_5.7
Koting,salak_snakefruit_kw_qui,2.700,866,843,763,salak_snakefruit,6,tbl_5.7
Nelle,mangga_mango_kw_qui,804,196,112,292,mangga_mango,1,tbl_5.7
Nelle,durian_durian_kw_qui,-,-,-,-,durian_durian,2,tbl_5.7
Nelle,jeruk_siam_keprok_orange_tangerine_kw_qui,23,110,3,6,jeruk_siam,3,tbl_5.7
Nelle,pisang_banana_kw_qui,346,759,323,584,pisang_banana,4,tbl_5.7
Nelle,pepaya_papaya_kw_qui,128,310,161,642,pepaya_papaya,5,tbl_5.7
Nelle,salak_snakefruit_kw_qui,-,-,-,-,salak_snakefruit,6,tbl_5.7
Nita,mangga_mango_kw_qui,16.150,5.590,2.909,1.434,mangga_mango,1,tbl_5.7
Nita,durian_durian_kw_qui,230,575,390,90,durian_durian,2,tbl_5.7
Nita,jeruk_siam_keprok_orange_tangerine_kw_qui,370,1.600,1.090,177,jeruk_siam,3,tbl_5.7
Nita,pisang_banana_kw_qui,30.560,29.500,54.800,10.872,pisang_banana,4,tbl_5.7
Nita,pepaya_papaya_kw_qui,20.550,19.220,12.780,4.300,pepaya_papaya,5,tbl_5.7
Nita,salak_snakefruit_kw_qui,800,1.810,2.840,420,salak_snakefruit,6,tbl_5.7
Magepanda,mangga_mango_kw_qui,756,1.279,600,719,mangga_mango,1,tbl_5.7
Magepanda,durian_durian_kw_qui,-,-,-,-,durian_durian,2,tbl_5.7
Magepanda,jeruk_siam_keprok_orange_tangerine_kw_qui,-,-,-,-,jeruk_siam,3,tbl_5.7
Magepanda,pisang_banana_kw_qui,253,437,611,717,pisang_banana,4,tbl_5.7
Magepanda,pepaya_papaya_kw_qui,639,360,144,301,pepaya_papaya,5,tbl_5.7
Magepanda,salak_snakefruit_kw_qui,-,-,-,-,salak_snakefruit,6,tbl_5.7
Alok,mangga_mango_kw_qui,2.400,560,2.730,648,mangga_mango,1,tbl_5.7
Alok,durian_durian_kw_qui,-,-,-,-,durian_durian,2,tbl_5.7
Alok,jeruk_siam_keprok_orange_tangerine_kw_qui,105,452,-,-,jeruk_siam,3,tbl_5.7
Alok,pisang_banana_kw_qui,7.220,633,2.069,5.086,pisang_banana,4,tbl_5.7
Alok,pepaya_papaya_kw_qui,2.855,2.300,845,906,pepaya_papaya,5,tbl_5.7
Alok,salak_snakefruit_kw_qui,-,-,-,-,salak_snakefruit,6,tbl_5.7
Alok Barat,mangga_mango_kw_qui,3.874,788,907,537,mangga_mango,1,tbl_5.7
Alok Barat,durian_durian_kw_qui,-,-,-,-,durian_durian,2,tbl_5.7
Alok Barat,jeruk_siam_keprok_orange_tangerine_kw_qui,-,-,-,-,jeruk_siam,3,tbl_5.7
Alok Barat,pisang_banana_kw_qui,2.567,2.705,4.708,2.220,pisang_banana,4,tbl_5.7
Alok Barat,pepaya_papaya_kw_qui,12.778,7.967,6.408,3.431,pepaya_papaya,5,tbl_5.7
Alok Barat,salak_snakefruit_kw_qui,-,-,-,-,salak_snakefruit,6,tbl_5.7
Alok Timur,mangga_mango_kw_qui,1.369,1.115,646,875,mangga_mango,1,tbl_5.7
Alok Timur,durian_durian_kw_qui,-,-,16,17,durian_durian,2,tbl_5.7
Alok Timur,jeruk_siam_keprok_orange_tangerine_kw_qui,-,-,-,-,jeruk_siam,3,tbl_5.7
Alok Timur,pisang_banana_kw_qui,29.500,4.736,1.750,1.700,pisang_banana,4,tbl_5.7
Alok Timur,pepaya_papaya_kw_qui,1.370,392,172,112,pepaya_papaya,5,tbl_5.7
Alok Timur,salak_snakefruit_kw_qui,10,18,13,5,salak_snakefruit,6,tbl_5.7
Sikka,mangga_mango_kw_qui,80.640,42.116,19.416,13.365,mangga_mango,1,tbl_5.7
Sikka,durian_durian_kw_qui,1.786,8.552,14.910,4.865,durian_durian,2,tbl_5.7
Sikka,jeruk_siam_keprok_orange_tangerine_kw_qui,342.286,126.264,4.229,1.669,jeruk_siam,3,tbl_5.7
Sikka,pisang_banana_kw_qui,823.132,284.952,150.673,56.329,pisang_banana,4,tbl_5.7
Sikka,pepaya_papaya_kw_qui,94.480,73.940,35.182,17.382,pepaya_papaya,5,tbl_5.7
Sikka,salak_snakefruit_kw_qui,15.176,5.419,7.482,2.240,salak_snakefruit,6,tbl_5.7
