kecamatan_subdistrict;name;nomor_komoditas;x2020;x2021;x2022;x2023;tabel
Alok;bawang_merah_shallots_ha_ha;1;2;-;1;1;5.1
Alok;cabai_besar_chili_big_chili_ha_ha;2;2;NA;NA;NA;5.1
Alok;cabai_keriting_chili_curly_chili_ha_ha;3;NA;1;1;1;5.1
Alok;cabai_rawit_chili_cayenne_pepper_ha_ha;4;3;0;1;1;5.1
Alok;kentang_potato_ha_ha;5;-;-;-;-;5.1
Alok;kubis_cabbage_ha_ha;6;-;-;-;-;5.1
Alok;tomat_tomato_ha_ha;7;-;0;2;1;5.1
Alok;bawang_putih_garlic_ha_ha;8;-;-;-;-;5.1
Alok;bawang_merah_shallots_kw_qui;1;52;-;1;27;5.2
Alok;cabai_besar_chili_big_chili_kw_qui;2;168;NA;NA;NA;5.2
Alok;cabai_keriting_chili_curly_chili_kw_qui;3;NA;3;2;107;5.2
Alok;cabai_rawit_chili_cayenne_pepper_kw_qui;4;254;7;4;94;5.2
Alok;kentang_potato_kw_qui;5;-;-;-;-;5.2
Alok;kubis_cabbage_kw_qui;6;-;-;-;-;5.2
Alok;tomat_tomato_kw_qui;7;-;1;6;574;5.2
Alok;bawang_putih_garlic_kw_qui;8;-;-;-;-;5.2
Alok;jahe_ginger_m2_m2;1;1.400;190;500;-;5.3
Alok;laos_lengkuas_galanga_m2_m2;2;1.308;795;-;733;5.3
Alok;kencur_east_indian_galangal_m2_m2;3;375;-;-;-;5.3
Alok;kunyit_turmeric_m2_m2;4;2.200;1.175;1.675;1.100;5.3
Alok;jahe_ginger_kg_kg;1;1.360;300;500;-;5.4
Alok;laos_lengkuas_galanga_kg_kg;2;5.124;3.300;-;2.232;5.4
Alok;kencur_east_indian_galangal_kg_kg;3;225;-;-;-;5.4
Alok;kunyit_turmeric_kg_kg;4;3.400;3.500;1.675;4.184;5.4
Alok;anggrek_pot_orchid_potted_orchid_m2_m2;1;NA;-;-;-;5.5
Alok;anggrek_potong_cut_orchid_m2_m2;2;NA;-;-;-;5.5
Alok;krisan_chrysantemum_m2_m2;3;-;-;-;-;5.5
Alok;mawar_rose_m2_m2;4;-;-;-;-;5.5
Alok;sedap_malam_tuberose_m2_m2;5;-;-;-;-;5.5
Alok;anthurium_bunga_flamingo_lily_flower_m2_m2;6;-;-;-;-;5.5
Alok;bugenvil_m2_m2;7;NA;-;-;-;5.5
Alok;palem_palm_pohon_tree;8;-;-;-;-;5.5
Alok;pedang_pedangan_sanseviera_m2_m2;9;-;-;-;-;5.5
Alok;pisang_pisangan_heliconia_m2_m2;10;-;-;-;-;5.5
Alok;puring_croton_m2_m2;11;NA;-;-;-;5.5
Alok;soka_ixora_m2_m2;12;-;-;-;-;5.5
Alok;sri_rejeki_aglaonema_m2_m2;13;-;-;-;-;5.5
Alok;anggrek_potong_cut_orchid_tangkai_stalks;2;NA;-;-;-;5.6
Alok;krisan_chrysantemum_tangkai_stalks;3;-;-;-;-;5.6
Alok;mawar_rose_tangkai_stalks;4;-;-;-;-;5.6
Alok;sedap_malam_tuberose_tangkai_stalks;5;-;-;-;-;5.6
Alok;anthurium_bunga_flamingo_lily_flower_tangkai_stalks;6;-;-;-;-;5.6
Alok;bugenvil_pohon_tree;7;NA;-;-;-;5.6
Alok;palem_palm_pohon_tree;8;-;-;-;-;5.6
Alok;pedang_pedangan_sanseviera_rumpun_clumps;9;-;-;-;-;5.6
Alok;pisang_pisangan_heliconia_tangkai_stalks;10;-;-;-;-;5.6
Alok;puring_croton_pohon_tree;11;NA;-;-;-;5.6
Alok;soka_ixora_pohon_tree;12;-;-;-;-;5.6
Alok;sri_rejeki_aglaonema_pohon_tree;13;-;-;-;-;5.6
Alok;mangga_mango_kw_qui;1;2.400;560;2.730;648;5.7
Alok;durian_durian_kw_qui;2;-;-;-;-;5.7
Alok;jeruk_siam_keprok_orange_tangerine_kw_qui;3;105;452;-;-;5.7
Alok;pisang_banana_kw_qui;4;7.220;633;2.069;5.086;5.7
Alok;pepaya_papaya_kw_qui;5;2.855;2.300;845;906;5.7
Alok;salak_snakefruit_kw_qui;6;-;-;-;-;5.7
Alok;alpukat_avocado_kw_qui;7;301;1.076;2.120;397;5.7
Alok;jambu_biji_guava_kw_qui;8;359;4.279;440;300;5.7
Alok;nangka_cempedak_jackfruit_kw_qui;9;-;-;-;-;5.7
Alok;nenas_pineapple_kw_qui;10;-;-;-;-;5.7
Alok;rambutan_rambutan_kw_qui;11;-;-;-;-;5.7
Alok;salak_snakefruit_kw_qui;12;-;-;-;-;5.7
Alok;sirsak_soursop_kw_qui;13;295;225;320;2.070;5.7
Alok Barat;bawang_merah_shallots_ha_ha;1;3;5;9;6;5.1
Alok Barat;cabai_besar_chili_big_chili_ha_ha;2;2;NA;NA;NA;5.1
Alok Barat;cabai_keriting_chili_curly_chili_ha_ha;3;NA;2;1;2;5.1
Alok Barat;cabai_rawit_chili_cayenne_pepper_ha_ha;4;2;1;1;1;5.1
Alok Barat;kentang_potato_ha_ha;5;-;-;-;-;5.1
Alok Barat;kubis_cabbage_ha_ha;6;-;-;-;-;5.1
Alok Barat;tomat_tomato_ha_ha;7;14;7;4;2;5.1
Alok Barat;bawang_putih_garlic_ha_ha;8;-;-;-;-;5.1
Alok Barat;bawang_merah_shallots_kw_qui;1;148;141;720;116;5.2
Alok Barat;cabai_besar_chili_big_chili_kw_qui;2;72;NA;NA;NA;5.2
Alok Barat;cabai_keriting_chili_curly_chili_kw_qui;3;NA;24;32;7;5.2
Alok Barat;cabai_rawit_chili_cayenne_pepper_kw_qui;4;259;8;80;10;5.2
Alok Barat;kentang_potato_kw_qui;5;-;-;-;-;5.2
Alok Barat;kubis_cabbage_kw_qui;6;-;-;-;-;5.2
Alok Barat;tomat_tomato_kw_qui;7;1.377;90;346;47;5.2
Alok Barat;bawang_putih_garlic_kw_qui;8;-;-;-;-;5.2
Alok Barat;jahe_ginger_m2_m2;1;3;-;-;-;5.3
Alok Barat;laos_lengkuas_galanga_m2_m2;2;4;-;-;-;5.3
Alok Barat;kencur_east_indian_galangal_m2_m2;3;-;-;-;-;5.3
Alok Barat;kunyit_turmeric_m2_m2;4;2;-;-;-;5.3
Alok Barat;jahe_ginger_kg_kg;1;18;-;-;-;5.4
Alok Barat;laos_lengkuas_galanga_kg_kg;2;20;-;-;-;5.4
Alok Barat;kencur_east_indian_galangal_kg_kg;3;-;-;-;-;5.4
Alok Barat;kunyit_turmeric_kg_kg;4;10;-;-;-;5.4
Alok Barat;anggrek_pot_orchid_potted_orchid_m2_m2;1;NA;-;-;-;5.5
Alok Barat;anggrek_potong_cut_orchid_m2_m2;2;NA;-;-;-;5.5
Alok Barat;krisan_chrysantemum_m2_m2;3;-;-;-;-;5.5
Alok Barat;mawar_rose_m2_m2;4;-;-;-;-;5.5
Alok Barat;sedap_malam_tuberose_m2_m2;5;-;-;-;-;5.5
Alok Barat;anthurium_bunga_flamingo_lily_flower_m2_m2;6;-;-;-;-;5.5
Alok Barat;bugenvil_m2_m2;7;NA;-;-;-;5.5
Alok Barat;palem_palm_pohon_tree;8;-;-;-;-;5.5
Alok Barat;pedang_pedangan_sanseviera_m2_m2;9;-;-;-;-;5.5
Alok Barat;pisang_pisangan_heliconia_m2_m2;10;-;-;-;-;5.5
Alok Barat;puring_croton_m2_m2;11;NA;-;-;-;5.5
Alok Barat;soka_ixora_m2_m2;12;-;-;-;-;5.5
Alok Barat;sri_rejeki_aglaonema_m2_m2;13;-;-;-;-;5.5
Alok Barat;anggrek_potong_cut_orchid_tangkai_stalks;2;NA;-;-;-;5.6
Alok Barat;krisan_chrysantemum_tangkai_stalks;3;-;-;-;-;5.6
Alok Barat;mawar_rose_tangkai_stalks;4;-;-;-;-;5.6
Alok Barat;sedap_malam_tuberose_tangkai_stalks;5;-;-;-;-;5.6
Alok Barat;anthurium_bunga_flamingo_lily_flower_tangkai_stalks;6;-;-;-;-;5.6
Alok Barat;bugenvil_pohon_tree;7;NA;-;-;-;5.6
Alok Barat;palem_palm_pohon_tree;8;-;-;-;-;5.6
Alok Barat;pedang_pedangan_sanseviera_rumpun_clumps;9;-;-;-;-;5.6
Alok Barat;pisang_pisangan_heliconia_tangkai_stalks;10;-;-;-;-;5.6
Alok Barat;puring_croton_pohon_tree;11;NA;-;-;-;5.6
Alok Barat;soka_ixora_pohon_tree;12;-;-;-;-;5.6
Alok Barat;sri_rejeki_aglaonema_pohon_tree;13;-;-;-;-;5.6
Alok Barat;mangga_mango_kw_qui;1;3.874;788;907;537;5.7
Alok Barat;durian_durian_kw_qui;2;-;-;-;-;5.7
Alok Barat;jeruk_siam_keprok_orange_tangerine_kw_qui;3;-;-;-;-;5.7
Alok Barat;pisang_banana_kw_qui;4;2.567;2.705;4.708;2.220;5.7
Alok Barat;pepaya_papaya_kw_qui;5;12.778;7.967;6.408;3.431;5.7
Alok Barat;salak_snakefruit_kw_qui;6;-;-;-;-;5.7
Alok Barat;alpukat_avocado_kw_qui;7;42;73;68;70;5.7
Alok Barat;jambu_biji_guava_kw_qui;8;81;156;150;122;5.7
Alok Barat;nangka_cempedak_jackfruit_kw_qui;9;1.056;657;321;213;5.7
Alok Barat;nenas_pineapple_kw_qui;10;63;168;54;18;5.7
Alok Barat;rambutan_rambutan_kw_qui;11;-;-;-;-;5.7
Alok Barat;salak_snakefruit_kw_qui;12;-;-;-;-;5.7
Alok Barat;sirsak_soursop_kw_qui;13;468;765;206;195;5.7
Alok Timur;bawang_merah_shallots_ha_ha;1;-;-;-;-;5.1
Alok Timur;cabai_besar_chili_big_chili_ha_ha;2;-;NA;NA;NA;5.1
Alok Timur;cabai_keriting_chili_curly_chili_ha_ha;3;NA;-;-;-;5.1
Alok Timur;cabai_rawit_chili_cayenne_pepper_ha_ha;4;-;-;-;-;5.1
Alok Timur;kentang_potato_ha_ha;5;-;-;-;-;5.1
Alok Timur;kubis_cabbage_ha_ha;6;-;-;-;-;5.1
Alok Timur;tomat_tomato_ha_ha;7;-;-;-;-;5.1
Alok Timur;bawang_putih_garlic_ha_ha;8;-;-;-;-;5.1
Alok Timur;bawang_merah_shallots_kw_qui;1;-;-;-;-;5.2
Alok Timur;cabai_besar_chili_big_chili_kw_qui;2;-;NA;NA;NA;5.2
Alok Timur;cabai_keriting_chili_curly_chili_kw_qui;3;NA;-;-;-;5.2
Alok Timur;cabai_rawit_chili_cayenne_pepper_kw_qui;4;-;-;-;-;5.2
Alok Timur;kentang_potato_kw_qui;5;-;-;-;-;5.2
Alok Timur;kubis_cabbage_kw_qui;6;-;-;-;-;5.2
Alok Timur;tomat_tomato_kw_qui;7;-;-;-;-;5.2
Alok Timur;bawang_putih_garlic_kw_qui;8;-;-;-;-;5.2
Alok Timur;jahe_ginger_m2_m2;1;-;-;-;5;5.3
Alok Timur;laos_lengkuas_galanga_m2_m2;2;-;-;-;5;5.3
Alok Timur;kencur_east_indian_galangal_m2_m2;3;-;-;-;4;5.3
Alok Timur;kunyit_turmeric_m2_m2;4;-;-;-;6;5.3
Alok Timur;jahe_ginger_kg_kg;1;-;-;-;17;5.4
Alok Timur;laos_lengkuas_galanga_kg_kg;2;-;-;-;17;5.4
Alok Timur;kencur_east_indian_galangal_kg_kg;3;-;-;-;14;5.4
Alok Timur;kunyit_turmeric_kg_kg;4;-;-;-;24;5.4
Alok Timur;anggrek_pot_orchid_potted_orchid_m2_m2;1;NA;-;40;9;5.5
Alok Timur;anggrek_potong_cut_orchid_m2_m2;2;NA;-;-;-;5.5
Alok Timur;krisan_chrysantemum_m2_m2;3;-;-;140;8;5.5
Alok Timur;mawar_rose_m2_m2;4;-;-;90;10;5.5
Alok Timur;sedap_malam_tuberose_m2_m2;5;-;-;-;-;5.5
Alok Timur;anthurium_bunga_flamingo_lily_flower_m2_m2;6;-;-;90;10;5.5
Alok Timur;bugenvil_m2_m2;7;NA;-;180;18;5.5
Alok Timur;palem_palm_pohon_tree;8;-;-;370;28;5.5
Alok Timur;pedang_pedangan_sanseviera_m2_m2;9;-;-;195;14;5.5
Alok Timur;pisang_pisangan_heliconia_m2_m2;10;-;-;132;23;5.5
Alok Timur;puring_croton_m2_m2;11;NA;-;160;13;5.5
Alok Timur;soka_ixora_m2_m2;12;-;-;118;13;5.5
Alok Timur;sri_rejeki_aglaonema_m2_m2;13;-;-;90;9;5.5
Alok Timur;anggrek_potong_cut_orchid_tangkai_stalks;2;NA;-;-;-;5.6
Alok Timur;krisan_chrysantemum_tangkai_stalks;3;-;-;175;12;5.6
Alok Timur;mawar_rose_tangkai_stalks;4;-;-;120;18;5.6
Alok Timur;sedap_malam_tuberose_tangkai_stalks;5;-;-;-;-;5.6
Alok Timur;anthurium_bunga_flamingo_lily_flower_tangkai_stalks;6;-;-;140;22;5.6
Alok Timur;bugenvil_pohon_tree;7;NA;-;210;29;5.6
Alok Timur;palem_palm_pohon_tree;8;-;-;370;37;5.6
Alok Timur;pedang_pedangan_sanseviera_rumpun_clumps;9;-;-;195;20;5.6
Alok Timur;pisang_pisangan_heliconia_tangkai_stalks;10;-;-;132;41;5.6
Alok Timur;puring_croton_pohon_tree;11;NA;-;160;18;5.6
Alok Timur;soka_ixora_pohon_tree;12;-;-;141;19;5.6
Alok Timur;sri_rejeki_aglaonema_pohon_tree;13;-;-;125;14;5.6
Alok Timur;mangga_mango_kw_qui;1;1.369;1.115;646;875;5.7
Alok Timur;durian_durian_kw_qui;2;-;-;16;17;5.7
Alok Timur;jeruk_siam_keprok_orange_tangerine_kw_qui;3;-;-;-;-;5.7
Alok Timur;pisang_banana_kw_qui;4;29.500;4.736;1.750;1.700;5.7
Alok Timur;pepaya_papaya_kw_qui;5;1.370;392;172;112;5.7
Alok Timur;salak_snakefruit_kw_qui;6;10;18;13;5;5.7
Alok Timur;alpukat_avocado_kw_qui;7;673;710;174;109;5.7
Alok Timur;jambu_biji_guava_kw_qui;8;19;215;-;-;5.7
Alok Timur;nangka_cempedak_jackfruit_kw_qui;9;58;24;67;23;5.7
Alok Timur;nenas_pineapple_kw_qui;10;145;74;18;20;5.7
Alok Timur;rambutan_rambutan_kw_qui;11;14;18;17;26;5.7
Alok Timur;salak_snakefruit_kw_qui;12;10;18;13;5;5.7
Alok Timur;sirsak_soursop_kw_qui;13;375;200;66;23;5.7
Bola;bawang_merah_shallots_ha_ha;1;-;-;-;-;5.1
Bola;cabai_besar_chili_big_chili_ha_ha;2;-;NA;NA;NA;5.1
Bola;cabai_keriting_chili_curly_chili_ha_ha;3;NA;-;-;-;5.1
Bola;cabai_rawit_chili_cayenne_pepper_ha_ha;4;-;-;-;-;5.1
Bola;kentang_potato_ha_ha;5;-;-;-;-;5.1
Bola;kubis_cabbage_ha_ha;6;-;-;-;-;5.1
Bola;tomat_tomato_ha_ha;7;-;-;-;-;5.1
Bola;bawang_putih_garlic_ha_ha;8;-;-;-;-;5.1
Bola;bawang_merah_shallots_kw_qui;1;-;-;-;-;5.2
Bola;cabai_besar_chili_big_chili_kw_qui;2;-;NA;NA;NA;5.2
Bola;cabai_keriting_chili_curly_chili_kw_qui;3;NA;-;-;-;5.2
Bola;cabai_rawit_chili_cayenne_pepper_kw_qui;4;-;-;-;-;5.2
Bola;kentang_potato_kw_qui;5;-;-;-;-;5.2
Bola;kubis_cabbage_kw_qui;6;-;-;-;-;5.2
Bola;tomat_tomato_kw_qui;7;-;-;-;-;5.2
Bola;bawang_putih_garlic_kw_qui;8;-;-;-;-;5.2
Bola;jahe_ginger_m2_m2;1;-;-;-;-;5.3
Bola;laos_lengkuas_galanga_m2_m2;2;-;-;-;-;5.3
Bola;kencur_east_indian_galangal_m2_m2;3;-;-;-;-;5.3
Bola;kunyit_turmeric_m2_m2;4;-;-;-;-;5.3
Bola;jahe_ginger_kg_kg;1;-;-;-;-;5.4
Bola;laos_lengkuas_galanga_kg_kg;2;-;-;-;-;5.4
Bola;kencur_east_indian_galangal_kg_kg;3;-;-;-;-;5.4
Bola;kunyit_turmeric_kg_kg;4;-;-;-;-;5.4
Bola;anggrek_pot_orchid_potted_orchid_m2_m2;1;NA;-;-;-;5.5
Bola;anggrek_potong_cut_orchid_m2_m2;2;NA;-;-;-;5.5
Bola;krisan_chrysantemum_m2_m2;3;-;-;-;-;5.5
Bola;mawar_rose_m2_m2;4;-;-;-;-;5.5
Bola;sedap_malam_tuberose_m2_m2;5;-;-;-;-;5.5
Bola;anthurium_bunga_flamingo_lily_flower_m2_m2;6;-;-;-;-;5.5
Bola;bugenvil_m2_m2;7;NA;-;-;-;5.5
Bola;palem_palm_pohon_tree;8;-;-;-;-;5.5
Bola;pedang_pedangan_sanseviera_m2_m2;9;-;-;-;-;5.5
Bola;pisang_pisangan_heliconia_m2_m2;10;-;-;-;-;5.5
Bola;puring_croton_m2_m2;11;NA;-;-;-;5.5
Bola;soka_ixora_m2_m2;12;-;-;-;-;5.5
Bola;sri_rejeki_aglaonema_m2_m2;13;-;-;-;-;5.5
Bola;anggrek_potong_cut_orchid_tangkai_stalks;2;NA;-;-;-;5.6
Bola;krisan_chrysantemum_tangkai_stalks;3;-;-;-;-;5.6
Bola;mawar_rose_tangkai_stalks;4;-;-;-;-;5.6
Bola;sedap_malam_tuberose_tangkai_stalks;5;-;-;-;-;5.6
Bola;anthurium_bunga_flamingo_lily_flower_tangkai_stalks;6;-;-;-;-;5.6
Bola;bugenvil_pohon_tree;7;NA;-;-;-;5.6
Bola;palem_palm_pohon_tree;8;-;-;-;-;5.6
Bola;pedang_pedangan_sanseviera_rumpun_clumps;9;-;-;-;-;5.6
Bola;pisang_pisangan_heliconia_tangkai_stalks;10;-;-;-;-;5.6
Bola;puring_croton_pohon_tree;11;NA;-;-;-;5.6
Bola;soka_ixora_pohon_tree;12;-;-;-;-;5.6
Bola;sri_rejeki_aglaonema_pohon_tree;13;-;-;-;-;5.6
Bola;mangga_mango_kw_qui;1;14.100;1.680;1.680;1.394;5.7
Bola;durian_durian_kw_qui;2;-;6.432;12.000;3.770;5.7
Bola;jeruk_siam_keprok_orange_tangerine_kw_qui;3;709;920;940;819;5.7
Bola;pisang_banana_kw_qui;4;1.305;1.320;1.320;1.410;5.7
Bola;pepaya_papaya_kw_qui;5;1.050;430;363;721;5.7
Bola;salak_snakefruit_kw_qui;6;-;-;1.270;884;5.7
Bola;alpukat_avocado_kw_qui;7;4.000;4.000;4.000;2.120;5.7
Bola;jambu_biji_guava_kw_qui;8;-;-;-;-;5.7
Bola;nangka_cempedak_jackfruit_kw_qui;9;3.230;727;447;696;5.7
Bola;nenas_pineapple_kw_qui;10;148;160;254;-;5.7
Bola;rambutan_rambutan_kw_qui;11;1.495;571;466;782;5.7
Bola;salak_snakefruit_kw_qui;12;-;-;1.270;884;5.7
Bola;sirsak_soursop_kw_qui;13;-;-;-;-;5.7
Doreng;bawang_merah_shallots_ha_ha;1;4;-;-;-;5.1
Doreng;cabai_besar_chili_big_chili_ha_ha;2;-;NA;NA;NA;5.1
Doreng;cabai_keriting_chili_curly_chili_ha_ha;3;NA;-;-;-;5.1
Doreng;cabai_rawit_chili_cayenne_pepper_ha_ha;4;-;-;-;-;5.1
Doreng;kentang_potato_ha_ha;5;-;-;-;-;5.1
Doreng;kubis_cabbage_ha_ha;6;-;-;-;-;5.1
Doreng;tomat_tomato_ha_ha;7;-;-;-;-;5.1
Doreng;bawang_putih_garlic_ha_ha;8;1;-;-;-;5.1
Doreng;bawang_merah_shallots_kw_qui;1;35;-;-;-;5.2
Doreng;cabai_besar_chili_big_chili_kw_qui;2;-;NA;NA;NA;5.2
Doreng;cabai_keriting_chili_curly_chili_kw_qui;3;NA;-;-;-;5.2
Doreng;cabai_rawit_chili_cayenne_pepper_kw_qui;4;-;-;-;-;5.2
Doreng;kentang_potato_kw_qui;5;-;-;-;-;5.2
Doreng;kubis_cabbage_kw_qui;6;-;-;-;-;5.2
Doreng;tomat_tomato_kw_qui;7;-;-;-;-;5.2
Doreng;bawang_putih_garlic_kw_qui;8;4;-;-;-;5.2
Doreng;jahe_ginger_m2_m2;1;550;1.400;29.000;17.000;5.3
Doreng;laos_lengkuas_galanga_m2_m2;2;-;-;-;-;5.3
Doreng;kencur_east_indian_galangal_m2_m2;3;240;850;500;700;5.3
Doreng;kunyit_turmeric_m2_m2;4;750;1.500;1.200;550;5.3
Doreng;jahe_ginger_kg_kg;1;825;6.425;58.000;25.500;5.4
Doreng;laos_lengkuas_galanga_kg_kg;2;-;-;-;-;5.4
Doreng;kencur_east_indian_galangal_kg_kg;3;196;1.700;600;525;5.4
Doreng;kunyit_turmeric_kg_kg;4;915;4.980;1.800;660;5.4
Doreng;anggrek_pot_orchid_potted_orchid_m2_m2;1;NA;-;-;-;5.5
Doreng;anggrek_potong_cut_orchid_m2_m2;2;NA;-;-;-;5.5
Doreng;krisan_chrysantemum_m2_m2;3;-;-;-;-;5.5
Doreng;mawar_rose_m2_m2;4;-;-;-;-;5.5
Doreng;sedap_malam_tuberose_m2_m2;5;-;-;-;-;5.5
Doreng;anthurium_bunga_flamingo_lily_flower_m2_m2;6;-;-;-;-;5.5
Doreng;bugenvil_m2_m2;7;NA;-;-;-;5.5
Doreng;palem_palm_pohon_tree;8;-;-;-;-;5.5
Doreng;pedang_pedangan_sanseviera_m2_m2;9;-;-;-;-;5.5
Doreng;pisang_pisangan_heliconia_m2_m2;10;-;-;-;-;5.5
Doreng;puring_croton_m2_m2;11;NA;-;-;-;5.5
Doreng;soka_ixora_m2_m2;12;-;-;-;-;5.5
Doreng;sri_rejeki_aglaonema_m2_m2;13;-;-;-;-;5.5
Doreng;anggrek_potong_cut_orchid_tangkai_stalks;2;NA;-;-;-;5.6
Doreng;krisan_chrysantemum_tangkai_stalks;3;-;-;-;-;5.6
Doreng;mawar_rose_tangkai_stalks;4;-;-;-;-;5.6
Doreng;sedap_malam_tuberose_tangkai_stalks;5;-;-;-;-;5.6
Doreng;anthurium_bunga_flamingo_lily_flower_tangkai_stalks;6;-;-;-;-;5.6
Doreng;bugenvil_pohon_tree;7;NA;-;-;-;5.6
Doreng;palem_palm_pohon_tree;8;-;-;-;-;5.6
Doreng;pedang_pedangan_sanseviera_rumpun_clumps;9;-;-;-;-;5.6
Doreng;pisang_pisangan_heliconia_tangkai_stalks;10;-;-;-;-;5.6
Doreng;puring_croton_pohon_tree;11;NA;-;-;-;5.6
Doreng;soka_ixora_pohon_tree;12;-;-;-;-;5.6
Doreng;sri_rejeki_aglaonema_pohon_tree;13;-;-;-;-;5.6
Doreng;mangga_mango_kw_qui;1;-;-;-;-;5.7
Doreng;durian_durian_kw_qui;2;234;708;316;266;5.7
Doreng;jeruk_siam_keprok_orange_tangerine_kw_qui;3;-;-;-;-;5.7
Doreng;pisang_banana_kw_qui;4;74;195;-;260;5.7
Doreng;pepaya_papaya_kw_qui;5;-;-;-;-;5.7
Doreng;salak_snakefruit_kw_qui;6;-;-;-;-;5.7
Doreng;alpukat_avocado_kw_qui;7;106;197;90;92;5.7
Doreng;jambu_biji_guava_kw_qui;8;-;-;-;-;5.7
Doreng;nangka_cempedak_jackfruit_kw_qui;9;-;-;-;-;5.7
Doreng;nenas_pineapple_kw_qui;10;-;-;-;-;5.7
Doreng;rambutan_rambutan_kw_qui;11;-;-;-;-;5.7
Doreng;salak_snakefruit_kw_qui;12;-;-;-;-;5.7
Doreng;sirsak_soursop_kw_qui;13;-;-;-;-;5.7
Hewokloang;bawang_merah_shallots_ha_ha;1;-;-;-;-;5.1
Hewokloang;cabai_besar_chili_big_chili_ha_ha;2;-;NA;NA;NA;5.1
Hewokloang;cabai_keriting_chili_curly_chili_ha_ha;3;NA;-;-;0;5.1
Hewokloang;cabai_rawit_chili_cayenne_pepper_ha_ha;4;-;1;-;1;5.1
Hewokloang;kentang_potato_ha_ha;5;-;-;-;-;5.1
Hewokloang;kubis_cabbage_ha_ha;6;-;-;-;-;5.1
Hewokloang;tomat_tomato_ha_ha;7;-;-;-;1;5.1
Hewokloang;bawang_putih_garlic_ha_ha;8;-;-;-;-;5.1
Hewokloang;bawang_merah_shallots_kw_qui;1;-;-;-;-;5.2
Hewokloang;cabai_besar_chili_big_chili_kw_qui;2;-;NA;NA;NA;5.2
Hewokloang;cabai_keriting_chili_curly_chili_kw_qui;3;NA;-;-;0;5.2
Hewokloang;cabai_rawit_chili_cayenne_pepper_kw_qui;4;-;24;-;3;5.2
Hewokloang;kentang_potato_kw_qui;5;-;-;-;-;5.2
Hewokloang;kubis_cabbage_kw_qui;6;-;-;-;-;5.2
Hewokloang;tomat_tomato_kw_qui;7;-;-;-;2;5.2
Hewokloang;bawang_putih_garlic_kw_qui;8;-;-;-;-;5.2
Hewokloang;jahe_ginger_m2_m2;1;3.090;3.000;4.000;4.000;5.3
Hewokloang;laos_lengkuas_galanga_m2_m2;2;3.000;5.000;6.000;4.000;5.3
Hewokloang;kencur_east_indian_galangal_m2_m2;3;3.050;5.000;6.000;3.000;5.3
Hewokloang;kunyit_turmeric_m2_m2;4;3.100;5.000;6.000;4.000;5.3
Hewokloang;jahe_ginger_kg_kg;1;5.790;12.000;6.000;4.000;5.4
Hewokloang;laos_lengkuas_galanga_kg_kg;2;3.000;27.900;9.000;4.000;5.4
Hewokloang;kencur_east_indian_galangal_kg_kg;3;5.100;27.400;9.000;3.000;5.4
Hewokloang;kunyit_turmeric_kg_kg;4;6.200;30.500;9.000;4.000;5.4
Hewokloang;anggrek_pot_orchid_potted_orchid_m2_m2;1;NA;-;-;-;5.5
Hewokloang;anggrek_potong_cut_orchid_m2_m2;2;NA;-;-;-;5.5
Hewokloang;krisan_chrysantemum_m2_m2;3;-;-;-;-;5.5
Hewokloang;mawar_rose_m2_m2;4;-;-;-;-;5.5
Hewokloang;sedap_malam_tuberose_m2_m2;5;-;-;-;-;5.5
Hewokloang;anthurium_bunga_flamingo_lily_flower_m2_m2;6;-;-;-;-;5.5
Hewokloang;bugenvil_m2_m2;7;NA;-;-;-;5.5
Hewokloang;palem_palm_pohon_tree;8;-;-;-;-;5.5
Hewokloang;pedang_pedangan_sanseviera_m2_m2;9;-;-;-;-;5.5
Hewokloang;pisang_pisangan_heliconia_m2_m2;10;-;-;-;-;5.5
Hewokloang;puring_croton_m2_m2;11;NA;-;-;-;5.5
Hewokloang;soka_ixora_m2_m2;12;-;-;-;-;5.5
Hewokloang;sri_rejeki_aglaonema_m2_m2;13;-;-;-;-;5.5
Hewokloang;anggrek_potong_cut_orchid_tangkai_stalks;2;NA;-;-;-;5.6
Hewokloang;krisan_chrysantemum_tangkai_stalks;3;-;-;-;-;5.6
Hewokloang;mawar_rose_tangkai_stalks;4;-;-;-;-;5.6
Hewokloang;sedap_malam_tuberose_tangkai_stalks;5;-;-;-;-;5.6
Hewokloang;anthurium_bunga_flamingo_lily_flower_tangkai_stalks;6;-;-;-;-;5.6
Hewokloang;bugenvil_pohon_tree;7;NA;-;-;-;5.6
Hewokloang;palem_palm_pohon_tree;8;-;-;-;-;5.6
Hewokloang;pedang_pedangan_sanseviera_rumpun_clumps;9;-;-;-;-;5.6
Hewokloang;pisang_pisangan_heliconia_tangkai_stalks;10;-;-;-;-;5.6
Hewokloang;puring_croton_pohon_tree;11;NA;-;-;-;5.6
Hewokloang;soka_ixora_pohon_tree;12;-;-;-;-;5.6
Hewokloang;sri_rejeki_aglaonema_pohon_tree;13;-;-;-;-;5.6
Hewokloang;mangga_mango_kw_qui;1;-;15;17;17;5.7
Hewokloang;durian_durian_kw_qui;2;1;5;5;43;5.7
Hewokloang;jeruk_siam_keprok_orange_tangerine_kw_qui;3;-;-;-;-;5.7
Hewokloang;pisang_banana_kw_qui;4;3;15;10;30;5.7
Hewokloang;pepaya_papaya_kw_qui;5;-;6;5;12;5.7
Hewokloang;salak_snakefruit_kw_qui;6;1;6;6;5;5.7
Hewokloang;alpukat_avocado_kw_qui;7;212;44;27;65;5.7
Hewokloang;jambu_biji_guava_kw_qui;8;-;-;-;-;5.7
Hewokloang;nangka_cempedak_jackfruit_kw_qui;9;10;20;12;24;5.7
Hewokloang;nenas_pineapple_kw_qui;10;-;0;0;0;5.7
Hewokloang;rambutan_rambutan_kw_qui;11;2;4;4;4;5.7
Hewokloang;salak_snakefruit_kw_qui;12;1;6;6;5;5.7
Hewokloang;sirsak_soursop_kw_qui;13;1;4;4;8;5.7
Kangae;bawang_merah_shallots_ha_ha;1;-;1;-;1;5.1
Kangae;cabai_besar_chili_big_chili_ha_ha;2;1;NA;NA;NA;5.1
Kangae;cabai_keriting_chili_curly_chili_ha_ha;3;NA;0;2;-;5.1
Kangae;cabai_rawit_chili_cayenne_pepper_ha_ha;4;-;-;3;2;5.1
Kangae;kentang_potato_ha_ha;5;-;-;-;-;5.1
Kangae;kubis_cabbage_ha_ha;6;-;-;-;-;5.1
Kangae;tomat_tomato_ha_ha;7;1;1;3;8;5.1
Kangae;bawang_putih_garlic_ha_ha;8;-;-;-;-;5.1
Kangae;bawang_merah_shallots_kw_qui;1;-;14;-;4;5.2
Kangae;cabai_besar_chili_big_chili_kw_qui;2;160;NA;NA;NA;5.2
Kangae;cabai_keriting_chili_curly_chili_kw_qui;3;NA;10;13;-;5.2
Kangae;cabai_rawit_chili_cayenne_pepper_kw_qui;4;-;-;20;10;5.2
Kangae;kentang_potato_kw_qui;5;-;-;-;-;5.2
Kangae;kubis_cabbage_kw_qui;6;-;-;-;-;5.2
Kangae;tomat_tomato_kw_qui;7;108;150;167;26;5.2
Kangae;bawang_putih_garlic_kw_qui;8;-;-;-;-;5.2
Kangae;jahe_ginger_m2_m2;1;450;600;-;-;5.3
Kangae;laos_lengkuas_galanga_m2_m2;2;900;450;-;-;5.3
Kangae;kencur_east_indian_galangal_m2_m2;3;-;-;-;-;5.3
Kangae;kunyit_turmeric_m2_m2;4;15.075;8.325;-;-;5.3
Kangae;jahe_ginger_kg_kg;1;675;600;-;-;5.4
Kangae;laos_lengkuas_galanga_kg_kg;2;520;1.575;-;-;5.4
Kangae;kencur_east_indian_galangal_kg_kg;3;-;-;-;-;5.4
Kangae;kunyit_turmeric_kg_kg;4;7.500;12.487;-;-;5.4
Kangae;anggrek_pot_orchid_potted_orchid_m2_m2;1;NA;-;-;-;5.5
Kangae;anggrek_potong_cut_orchid_m2_m2;2;NA;-;-;-;5.5
Kangae;krisan_chrysantemum_m2_m2;3;-;-;-;-;5.5
Kangae;mawar_rose_m2_m2;4;-;-;-;-;5.5
Kangae;sedap_malam_tuberose_m2_m2;5;-;-;-;-;5.5
Kangae;anthurium_bunga_flamingo_lily_flower_m2_m2;6;-;-;-;-;5.5
Kangae;bugenvil_m2_m2;7;NA;-;-;-;5.5
Kangae;palem_palm_pohon_tree;8;-;-;-;-;5.5
Kangae;pedang_pedangan_sanseviera_m2_m2;9;-;-;-;-;5.5
Kangae;pisang_pisangan_heliconia_m2_m2;10;-;-;-;-;5.5
Kangae;puring_croton_m2_m2;11;NA;-;-;-;5.5
Kangae;soka_ixora_m2_m2;12;-;-;-;-;5.5
Kangae;sri_rejeki_aglaonema_m2_m2;13;-;-;-;-;5.5
Kangae;anggrek_potong_cut_orchid_tangkai_stalks;2;NA;-;-;-;5.6
Kangae;krisan_chrysantemum_tangkai_stalks;3;-;-;-;-;5.6
Kangae;mawar_rose_tangkai_stalks;4;-;-;-;-;5.6
Kangae;sedap_malam_tuberose_tangkai_stalks;5;-;-;-;-;5.6
Kangae;anthurium_bunga_flamingo_lily_flower_tangkai_stalks;6;-;-;-;-;5.6
Kangae;bugenvil_pohon_tree;7;NA;-;-;-;5.6
Kangae;palem_palm_pohon_tree;8;-;-;-;-;5.6
Kangae;pedang_pedangan_sanseviera_rumpun_clumps;9;-;-;-;-;5.6
Kangae;pisang_pisangan_heliconia_tangkai_stalks;10;-;-;-;-;5.6
Kangae;puring_croton_pohon_tree;11;NA;-;-;-;5.6
Kangae;soka_ixora_pohon_tree;12;-;-;-;-;5.6
Kangae;sri_rejeki_aglaonema_pohon_tree;13;-;-;-;-;5.6
Kangae;mangga_mango_kw_qui;1;3.530;441;670;482;5.7
Kangae;durian_durian_kw_qui;2;-;-;-;50;5.7
Kangae;jeruk_siam_keprok_orange_tangerine_kw_qui;3;-;50;47;33;5.7
Kangae;pisang_banana_kw_qui;4;3.400;22.300;1.383;1.732;5.7
Kangae;pepaya_papaya_kw_qui;5;4.028;6.144;604;734;5.7
Kangae;salak_snakefruit_kw_qui;6;-;-;8;91;5.7
Kangae;alpukat_avocado_kw_qui;7;1.158;1.160;227;251;5.7
Kangae;jambu_biji_guava_kw_qui;8;-;496;24;49;5.7
Kangae;nangka_cempedak_jackfruit_kw_qui;9;4.300;3.537;265;275;5.7
Kangae;nenas_pineapple_kw_qui;10;10.198;10.971;16.379;717;5.7
Kangae;rambutan_rambutan_kw_qui;11;-;-;-;62;5.7
Kangae;salak_snakefruit_kw_qui;12;-;-;8;91;5.7
Kangae;sirsak_soursop_kw_qui;13;-;-;72;78;5.7
Kewapante;bawang_merah_shallots_ha_ha;1;1;-;-;0;5.1
Kewapante;cabai_besar_chili_big_chili_ha_ha;2;2;NA;NA;NA;5.1
Kewapante;cabai_keriting_chili_curly_chili_ha_ha;3;NA;0;0;-;5.1
Kewapante;cabai_rawit_chili_cayenne_pepper_ha_ha;4;-;0;1;0;5.1
Kewapante;kentang_potato_ha_ha;5;-;-;-;-;5.1
Kewapante;kubis_cabbage_ha_ha;6;-;-;-;-;5.1
Kewapante;tomat_tomato_ha_ha;7;0;0;1;0;5.1
Kewapante;bawang_putih_garlic_ha_ha;8;-;-;-;-;5.1
Kewapante;bawang_merah_shallots_kw_qui;1;1;-;-;1;5.2
Kewapante;cabai_besar_chili_big_chili_kw_qui;2;110;NA;NA;NA;5.2
Kewapante;cabai_keriting_chili_curly_chili_kw_qui;3;NA;9;0;-;5.2
Kewapante;cabai_rawit_chili_cayenne_pepper_kw_qui;4;-;3;12;5;5.2
Kewapante;kentang_potato_kw_qui;5;-;-;-;-;5.2
Kewapante;kubis_cabbage_kw_qui;6;-;-;-;-;5.2
Kewapante;tomat_tomato_kw_qui;7;35;25;35;4;5.2
Kewapante;bawang_putih_garlic_kw_qui;8;-;-;-;-;5.2
Kewapante;jahe_ginger_m2_m2;1;-;-;-;-;5.3
Kewapante;laos_lengkuas_galanga_m2_m2;2;-;-;-;-;5.3
Kewapante;kencur_east_indian_galangal_m2_m2;3;-;-;-;-;5.3
Kewapante;kunyit_turmeric_m2_m2;4;-;-;-;-;5.3
Kewapante;jahe_ginger_kg_kg;1;-;-;-;-;5.4
Kewapante;laos_lengkuas_galanga_kg_kg;2;-;-;-;-;5.4
Kewapante;kencur_east_indian_galangal_kg_kg;3;-;-;-;-;5.4
Kewapante;kunyit_turmeric_kg_kg;4;-;-;-;-;5.4
Kewapante;anggrek_pot_orchid_potted_orchid_m2_m2;1;NA;-;-;-;5.5
Kewapante;anggrek_potong_cut_orchid_m2_m2;2;NA;-;-;-;5.5
Kewapante;krisan_chrysantemum_m2_m2;3;-;-;-;-;5.5
Kewapante;mawar_rose_m2_m2;4;-;-;-;-;5.5
Kewapante;sedap_malam_tuberose_m2_m2;5;-;-;-;-;5.5
Kewapante;anthurium_bunga_flamingo_lily_flower_m2_m2;6;-;-;-;-;5.5
Kewapante;bugenvil_m2_m2;7;NA;-;-;-;5.5
Kewapante;palem_palm_pohon_tree;8;-;-;-;-;5.5
Kewapante;pedang_pedangan_sanseviera_m2_m2;9;-;-;-;-;5.5
Kewapante;pisang_pisangan_heliconia_m2_m2;10;-;-;-;-;5.5
Kewapante;puring_croton_m2_m2;11;NA;-;-;-;5.5
Kewapante;soka_ixora_m2_m2;12;-;-;-;-;5.5
Kewapante;sri_rejeki_aglaonema_m2_m2;13;-;-;-;-;5.5
Kewapante;anggrek_potong_cut_orchid_tangkai_stalks;2;NA;-;-;-;5.6
Kewapante;krisan_chrysantemum_tangkai_stalks;3;-;-;-;-;5.6
Kewapante;mawar_rose_tangkai_stalks;4;-;-;-;-;5.6
Kewapante;sedap_malam_tuberose_tangkai_stalks;5;-;-;-;-;5.6
Kewapante;anthurium_bunga_flamingo_lily_flower_tangkai_stalks;6;-;-;-;-;5.6
Kewapante;bugenvil_pohon_tree;7;NA;-;-;-;5.6
Kewapante;palem_palm_pohon_tree;8;-;-;-;-;5.6
Kewapante;pedang_pedangan_sanseviera_rumpun_clumps;9;-;-;-;-;5.6
Kewapante;pisang_pisangan_heliconia_tangkai_stalks;10;-;-;-;-;5.6
Kewapante;puring_croton_pohon_tree;11;NA;-;-;-;5.6
Kewapante;soka_ixora_pohon_tree;12;-;-;-;-;5.6
Kewapante;sri_rejeki_aglaonema_pohon_tree;13;-;-;-;-;5.6
Kewapante;mangga_mango_kw_qui;1;5.200;697;340;531;5.7
Kewapante;durian_durian_kw_qui;2;87;-;-;-;5.7
Kewapante;jeruk_siam_keprok_orange_tangerine_kw_qui;3;-;-;-;-;5.7
Kewapante;pisang_banana_kw_qui;4;14.200;1.200;850;827;5.7
Kewapante;pepaya_papaya_kw_qui;5;4.065;2.300;1.650;863;5.7
Kewapante;salak_snakefruit_kw_qui;6;-;-;-;-;5.7
Kewapante;alpukat_avocado_kw_qui;7;1.550;45;-;30;5.7
Kewapante;jambu_biji_guava_kw_qui;8;270;-;-;-;5.7
Kewapante;nangka_cempedak_jackfruit_kw_qui;9;6.650;730;435;558;5.7
Kewapante;nenas_pineapple_kw_qui;10;7.342;-;-;174;5.7
Kewapante;rambutan_rambutan_kw_qui;11;54;-;-;-;5.7
Kewapante;salak_snakefruit_kw_qui;12;-;-;-;-;5.7
Kewapante;sirsak_soursop_kw_qui;13;436;-;-;-;5.7
Koting;bawang_merah_shallots_ha_ha;1;-;-;-;-;5.1
Koting;cabai_besar_chili_big_chili_ha_ha;2;2;NA;NA;NA;5.1
Koting;cabai_keriting_chili_curly_chili_ha_ha;3;NA;-;1;1;5.1
Koting;cabai_rawit_chili_cayenne_pepper_ha_ha;4;1;2;1;1;5.1
Koting;kentang_potato_ha_ha;5;-;-;-;-;5.1
Koting;kubis_cabbage_ha_ha;6;-;-;-;-;5.1
Koting;tomat_tomato_ha_ha;7;2;1;1;0;5.1
Koting;bawang_putih_garlic_ha_ha;8;-;-;-;-;5.1
Koting;bawang_merah_shallots_kw_qui;1;-;-;-;-;5.2
Koting;cabai_besar_chili_big_chili_kw_qui;2;258;NA;NA;NA;5.2
Koting;cabai_keriting_chili_curly_chili_kw_qui;3;NA;-;7;4;5.2
Koting;cabai_rawit_chili_cayenne_pepper_kw_qui;4;64;467;8;5;5.2
Koting;kentang_potato_kw_qui;5;-;-;-;-;5.2
Koting;kubis_cabbage_kw_qui;6;-;-;-;-;5.2
Koting;tomat_tomato_kw_qui;7;90;41;3;1;5.2
Koting;bawang_putih_garlic_kw_qui;8;-;-;-;-;5.2
Koting;jahe_ginger_m2_m2;1;15;8;12;9;5.3
Koting;laos_lengkuas_galanga_m2_m2;2;7;7;-;-;5.3
Koting;kencur_east_indian_galangal_m2_m2;3;4;2;1;-;5.3
Koting;kunyit_turmeric_m2_m2;4;7;13;9;4;5.3
Koting;jahe_ginger_kg_kg;1;261;54;39;37;5.4
Koting;laos_lengkuas_galanga_kg_kg;2;16;27;-;-;5.4
Koting;kencur_east_indian_galangal_kg_kg;3;4;4;3;-;5.4
Koting;kunyit_turmeric_kg_kg;4;10;62;33;9;5.4
Koting;anggrek_pot_orchid_potted_orchid_m2_m2;1;NA;-;-;-;5.5
Koting;anggrek_potong_cut_orchid_m2_m2;2;NA;-;-;-;5.5
Koting;krisan_chrysantemum_m2_m2;3;-;-;-;-;5.5
Koting;mawar_rose_m2_m2;4;-;-;-;-;5.5
Koting;sedap_malam_tuberose_m2_m2;5;-;-;-;-;5.5
Koting;anthurium_bunga_flamingo_lily_flower_m2_m2;6;-;-;-;-;5.5
Koting;bugenvil_m2_m2;7;NA;-;-;1;5.5
Koting;palem_palm_pohon_tree;8;-;-;-;-;5.5
Koting;pedang_pedangan_sanseviera_m2_m2;9;-;-;-;5;5.5
Koting;pisang_pisangan_heliconia_m2_m2;10;-;-;-;3;5.5
Koting;puring_croton_m2_m2;11;NA;-;-;-;5.5
Koting;soka_ixora_m2_m2;12;-;-;-;-;5.5
Koting;sri_rejeki_aglaonema_m2_m2;13;-;-;-;-;5.5
Koting;anggrek_potong_cut_orchid_tangkai_stalks;2;NA;-;-;-;5.6
Koting;krisan_chrysantemum_tangkai_stalks;3;-;-;-;-;5.6
Koting;mawar_rose_tangkai_stalks;4;-;-;-;-;5.6
Koting;sedap_malam_tuberose_tangkai_stalks;5;-;-;-;-;5.6
Koting;anthurium_bunga_flamingo_lily_flower_tangkai_stalks;6;-;-;-;-;5.6
Koting;bugenvil_pohon_tree;7;NA;-;-;1;5.6
Koting;palem_palm_pohon_tree;8;-;-;-;-;5.6
Koting;pedang_pedangan_sanseviera_rumpun_clumps;9;-;-;-;5;5.6
Koting;pisang_pisangan_heliconia_tangkai_stalks;10;-;-;-;3;5.6
Koting;puring_croton_pohon_tree;11;NA;-;-;-;5.6
Koting;soka_ixora_pohon_tree;12;-;-;-;-;5.6
Koting;sri_rejeki_aglaonema_pohon_tree;13;-;-;-;-;5.6
Koting;mangga_mango_kw_qui;1;5.340;3.200;992;1.476;5.7
Koting;durian_durian_kw_qui;2;-;-;-;-;5.7
Koting;jeruk_siam_keprok_orange_tangerine_kw_qui;3;-;-;-;-;5.7
Koting;pisang_banana_kw_qui;4;8.600;3.800;1.736;1.178;5.7
Koting;pepaya_papaya_kw_qui;5;1.940;4.500;1.288;815;5.7
Koting;salak_snakefruit_kw_qui;6;2.700;866;843;763;5.7
Koting;alpukat_avocado_kw_qui;7;6.600;3.100;901;1.522;5.7
Koting;jambu_biji_guava_kw_qui;8;-;-;-;-;5.7
Koting;nangka_cempedak_jackfruit_kw_qui;9;1.025;729;144;295;5.7
Koting;nenas_pineapple_kw_qui;10;484;974;1.684;478;5.7
Koting;rambutan_rambutan_kw_qui;11;5;-;16;21;5.7
Koting;salak_snakefruit_kw_qui;12;2.700;866;843;763;5.7
Koting;sirsak_soursop_kw_qui;13;-;-;-;-;5.7
Lela;bawang_merah_shallots_ha_ha;1;-;-;-;-;5.1
Lela;cabai_besar_chili_big_chili_ha_ha;2;-;NA;NA;NA;5.1
Lela;cabai_keriting_chili_curly_chili_ha_ha;3;NA;0;0;1;5.1
Lela;cabai_rawit_chili_cayenne_pepper_ha_ha;4;2;2;3;4;5.1
Lela;kentang_potato_ha_ha;5;-;-;-;-;5.1
Lela;kubis_cabbage_ha_ha;6;-;-;-;-;5.1
Lela;tomat_tomato_ha_ha;7;2;5;5;5;5.1
Lela;bawang_putih_garlic_ha_ha;8;-;-;-;-;5.1
Lela;bawang_merah_shallots_kw_qui;1;-;-;-;-;5.2
Lela;cabai_besar_chili_big_chili_kw_qui;2;-;NA;NA;NA;5.2
Lela;cabai_keriting_chili_curly_chili_kw_qui;3;NA;6;2;13;5.2
Lela;cabai_rawit_chili_cayenne_pepper_kw_qui;4;233;141;145;67;5.2
Lela;kentang_potato_kw_qui;5;-;-;-;-;5.2
Lela;kubis_cabbage_kw_qui;6;-;-;-;-;5.2
Lela;tomat_tomato_kw_qui;7;371;563;825;410;5.2
Lela;bawang_putih_garlic_kw_qui;8;-;-;-;-;5.2
Lela;jahe_ginger_m2_m2;1;1.500;1.000;750;700;5.3
Lela;laos_lengkuas_galanga_m2_m2;2;180;750;500;500;5.3
Lela;kencur_east_indian_galangal_m2_m2;3;600;750;500;500;5.3
Lela;kunyit_turmeric_m2_m2;4;3.500;700;500;500;5.3
Lela;jahe_ginger_kg_kg;1;1.500;10.000;950;230;5.4
Lela;laos_lengkuas_galanga_kg_kg;2;648;1.000;750;335;5.4
Lela;kencur_east_indian_galangal_kg_kg;3;360;1.000;450;270;5.4
Lela;kunyit_turmeric_kg_kg;4;16.500;1.000;700;272;5.4
Lela;anggrek_pot_orchid_potted_orchid_m2_m2;1;NA;-;-;-;5.5
Lela;anggrek_potong_cut_orchid_m2_m2;2;NA;-;-;-;5.5
Lela;krisan_chrysantemum_m2_m2;3;-;-;-;-;5.5
Lela;mawar_rose_m2_m2;4;-;-;-;-;5.5
Lela;sedap_malam_tuberose_m2_m2;5;-;-;-;-;5.5
Lela;anthurium_bunga_flamingo_lily_flower_m2_m2;6;-;-;-;-;5.5
Lela;bugenvil_m2_m2;7;NA;-;-;-;5.5
Lela;palem_palm_pohon_tree;8;-;-;-;-;5.5
Lela;pedang_pedangan_sanseviera_m2_m2;9;-;-;-;-;5.5
Lela;pisang_pisangan_heliconia_m2_m2;10;-;-;-;-;5.5
Lela;puring_croton_m2_m2;11;NA;-;-;-;5.5
Lela;soka_ixora_m2_m2;12;-;-;-;-;5.5
Lela;sri_rejeki_aglaonema_m2_m2;13;-;-;-;-;5.5
Lela;anggrek_potong_cut_orchid_tangkai_stalks;2;NA;-;-;-;5.6
Lela;krisan_chrysantemum_tangkai_stalks;3;-;-;-;-;5.6
Lela;mawar_rose_tangkai_stalks;4;-;-;-;-;5.6
Lela;sedap_malam_tuberose_tangkai_stalks;5;-;-;-;-;5.6
Lela;anthurium_bunga_flamingo_lily_flower_tangkai_stalks;6;-;-;-;-;5.6
Lela;bugenvil_pohon_tree;7;NA;-;-;-;5.6
Lela;palem_palm_pohon_tree;8;-;-;-;-;5.6
Lela;pedang_pedangan_sanseviera_rumpun_clumps;9;-;-;-;-;5.6
Lela;pisang_pisangan_heliconia_tangkai_stalks;10;-;-;-;-;5.6
Lela;puring_croton_pohon_tree;11;NA;-;-;-;5.6
Lela;soka_ixora_pohon_tree;12;-;-;-;-;5.6
Lela;sri_rejeki_aglaonema_pohon_tree;13;-;-;-;-;5.6
Lela;mangga_mango_kw_qui;1;2.250;14.200;3.333;1.449;5.7
Lela;durian_durian_kw_qui;2;294;37;823;20;5.7
Lela;jeruk_siam_keprok_orange_tangerine_kw_qui;3;7;72;322;13;5.7
Lela;pisang_banana_kw_qui;4;22.762;31.243;37.716;4.052;5.7
Lela;pepaya_papaya_kw_qui;5;3.604;894;5.544;331;5.7
Lela;salak_snakefruit_kw_qui;6;4.480;1.180;2.200;40;5.7
Lela;alpukat_avocado_kw_qui;7;3.300;960;7.025;254;5.7
Lela;jambu_biji_guava_kw_qui;8;1.000;486;3.522;95;5.7
Lela;nangka_cempedak_jackfruit_kw_qui;9;27;185;192;52;5.7
Lela;nenas_pineapple_kw_qui;10;108;220;190;108;5.7
Lela;rambutan_rambutan_kw_qui;11;150;220;190;103;5.7
Lela;salak_snakefruit_kw_qui;12;4.480;1.180;2.200;40;5.7
Lela;sirsak_soursop_kw_qui;13;200;145;21;8;5.7
Magepanda;bawang_merah_shallots_ha_ha;1;7;3;3;5;5.1
Magepanda;cabai_besar_chili_big_chili_ha_ha;2;10;NA;NA;NA;5.1
Magepanda;cabai_keriting_chili_curly_chili_ha_ha;3;NA;-;-;-;5.1
Magepanda;cabai_rawit_chili_cayenne_pepper_ha_ha;4;15;6;4;0;5.1
Magepanda;kentang_potato_ha_ha;5;-;-;-;-;5.1
Magepanda;kubis_cabbage_ha_ha;6;-;-;-;-;5.1
Magepanda;tomat_tomato_ha_ha;7;10;14;2;7;5.1
Magepanda;bawang_putih_garlic_ha_ha;8;-;-;-;-;5.1
Magepanda;bawang_merah_shallots_kw_qui;1;1.170;11;49;300;5.2
Magepanda;cabai_besar_chili_big_chili_kw_qui;2;113;NA;NA;NA;5.2
Magepanda;cabai_keriting_chili_curly_chili_kw_qui;3;NA;-;-;-;5.2
Magepanda;cabai_rawit_chili_cayenne_pepper_kw_qui;4;389;393;18;1;5.2
Magepanda;kentang_potato_kw_qui;5;-;-;-;-;5.2
Magepanda;kubis_cabbage_kw_qui;6;-;-;-;-;5.2
Magepanda;tomat_tomato_kw_qui;7;74;72;2;369;5.2
Magepanda;bawang_putih_garlic_kw_qui;8;-;-;-;-;5.2
Magepanda;jahe_ginger_m2_m2;1;3.840;2.790;2.540;1.347;5.3
Magepanda;laos_lengkuas_galanga_m2_m2;2;1.220;1.220;1.180;500;5.3
Magepanda;kencur_east_indian_galangal_m2_m2;3;1.350;1.350;800;1.000;5.3
Magepanda;kunyit_turmeric_m2_m2;4;1.750;850;500;1.200;5.3
Magepanda;jahe_ginger_kg_kg;1;2.722;4.072;5.861;725;5.4
Magepanda;laos_lengkuas_galanga_kg_kg;2;900;1.105;1.125;680;5.4
Magepanda;kencur_east_indian_galangal_kg_kg;3;700;2.600;885;940;5.4
Magepanda;kunyit_turmeric_kg_kg;4;1.802;1.265;496;1.216;5.4
Magepanda;anggrek_pot_orchid_potted_orchid_m2_m2;1;NA;-;-;-;5.5
Magepanda;anggrek_potong_cut_orchid_m2_m2;2;NA;-;-;-;5.5
Magepanda;krisan_chrysantemum_m2_m2;3;-;-;-;-;5.5
Magepanda;mawar_rose_m2_m2;4;-;-;-;-;5.5
Magepanda;sedap_malam_tuberose_m2_m2;5;-;-;-;-;5.5
Magepanda;anthurium_bunga_flamingo_lily_flower_m2_m2;6;-;-;-;-;5.5
Magepanda;bugenvil_m2_m2;7;NA;-;-;-;5.5
Magepanda;palem_palm_pohon_tree;8;-;-;-;-;5.5
Magepanda;pedang_pedangan_sanseviera_m2_m2;9;-;-;-;-;5.5
Magepanda;pisang_pisangan_heliconia_m2_m2;10;-;-;-;-;5.5
Magepanda;puring_croton_m2_m2;11;NA;-;-;-;5.5
Magepanda;soka_ixora_m2_m2;12;-;-;-;-;5.5
Magepanda;sri_rejeki_aglaonema_m2_m2;13;-;-;-;-;5.5
Magepanda;anggrek_potong_cut_orchid_tangkai_stalks;2;NA;-;-;-;5.6
Magepanda;krisan_chrysantemum_tangkai_stalks;3;-;-;-;-;5.6
Magepanda;mawar_rose_tangkai_stalks;4;-;-;-;-;5.6
Magepanda;sedap_malam_tuberose_tangkai_stalks;5;-;-;-;-;5.6
Magepanda;anthurium_bunga_flamingo_lily_flower_tangkai_stalks;6;-;-;-;-;5.6
Magepanda;bugenvil_pohon_tree;7;NA;-;-;-;5.6
Magepanda;palem_palm_pohon_tree;8;-;-;-;-;5.6
Magepanda;pedang_pedangan_sanseviera_rumpun_clumps;9;-;-;-;-;5.6
Magepanda;pisang_pisangan_heliconia_tangkai_stalks;10;-;-;-;-;5.6
Magepanda;puring_croton_pohon_tree;11;NA;-;-;-;5.6
Magepanda;soka_ixora_pohon_tree;12;-;-;-;-;5.6
Magepanda;sri_rejeki_aglaonema_pohon_tree;13;-;-;-;-;5.6
Magepanda;mangga_mango_kw_qui;1;756;1.279;600;719;5.7
Magepanda;durian_durian_kw_qui;2;-;-;-;-;5.7
Magepanda;jeruk_siam_keprok_orange_tangerine_kw_qui;3;-;-;-;-;5.7
Magepanda;pisang_banana_kw_qui;4;253;437;611;717;5.7
Magepanda;pepaya_papaya_kw_qui;5;639;360;144;301;5.7
Magepanda;salak_snakefruit_kw_qui;6;-;-;-;-;5.7
Magepanda;alpukat_avocado_kw_qui;7;540;111;87;140;5.7
Magepanda;jambu_biji_guava_kw_qui;8;-;-;15;420;5.7
Magepanda;nangka_cempedak_jackfruit_kw_qui;9;326;190;74;243;5.7
Magepanda;nenas_pineapple_kw_qui;10;-;-;-;-;5.7
Magepanda;rambutan_rambutan_kw_qui;11;-;54;-;93;5.7
Magepanda;salak_snakefruit_kw_qui;12;-;-;-;-;5.7
Magepanda;sirsak_soursop_kw_qui;13;-;38;-;84;5.7
Mapitara;bawang_merah_shallots_ha_ha;1;-;3;-;-;5.1
Mapitara;cabai_besar_chili_big_chili_ha_ha;2;-;NA;NA;NA;5.1
Mapitara;cabai_keriting_chili_curly_chili_ha_ha;3;NA;-;-;1;5.1
Mapitara;cabai_rawit_chili_cayenne_pepper_ha_ha;4;5;6;1;-;5.1
Mapitara;kentang_potato_ha_ha;5;-;5;8;2;5.1
Mapitara;kubis_cabbage_ha_ha;6;-;-;-;-;5.1
Mapitara;tomat_tomato_ha_ha;7;1;1;1;1;5.1
Mapitara;bawang_putih_garlic_ha_ha;8;-;-;-;-;5.1
Mapitara;bawang_merah_shallots_kw_qui;1;-;151;-;-;5.2
Mapitara;cabai_besar_chili_big_chili_kw_qui;2;-;NA;NA;NA;5.2
Mapitara;cabai_keriting_chili_curly_chili_kw_qui;3;NA;-;-;32;5.2
Mapitara;cabai_rawit_chili_cayenne_pepper_kw_qui;4;400;1.179;15;-;5.2
Mapitara;kentang_potato_kw_qui;5;-;609;650;200;5.2
Mapitara;kubis_cabbage_kw_qui;6;-;-;-;-;5.2
Mapitara;tomat_tomato_kw_qui;7;24;182;65;44;5.2
Mapitara;bawang_putih_garlic_kw_qui;8;-;-;-;-;5.2
Mapitara;jahe_ginger_m2_m2;1;15.568;2.761;6.084;50.000;5.3
Mapitara;laos_lengkuas_galanga_m2_m2;2;4.953;1.608;2.464;11.500;5.3
Mapitara;kencur_east_indian_galangal_m2_m2;3;3.405;957;722;15.500;5.3
Mapitara;kunyit_turmeric_m2_m2;4;18.026;9.960;5.058;25.000;5.3
Mapitara;jahe_ginger_kg_kg;1;98.266;36.924;8.513;34.000;5.4
Mapitara;laos_lengkuas_galanga_kg_kg;2;9.013;3.229;2.834;15.000;5.4
Mapitara;kencur_east_indian_galangal_kg_kg;3;6.744;1.822;929;15.700;5.4
Mapitara;kunyit_turmeric_kg_kg;4;23.841;23.786;22.944;34.500;5.4
Mapitara;anggrek_pot_orchid_potted_orchid_m2_m2;1;NA;-;-;-;5.5
Mapitara;anggrek_potong_cut_orchid_m2_m2;2;NA;-;-;-;5.5
Mapitara;krisan_chrysantemum_m2_m2;3;-;-;-;-;5.5
Mapitara;mawar_rose_m2_m2;4;-;-;-;-;5.5
Mapitara;sedap_malam_tuberose_m2_m2;5;-;-;-;-;5.5
Mapitara;anthurium_bunga_flamingo_lily_flower_m2_m2;6;-;-;-;-;5.5
Mapitara;bugenvil_m2_m2;7;NA;-;-;-;5.5
Mapitara;palem_palm_pohon_tree;8;-;-;-;-;5.5
Mapitara;pedang_pedangan_sanseviera_m2_m2;9;-;-;-;-;5.5
Mapitara;pisang_pisangan_heliconia_m2_m2;10;-;-;-;-;5.5
Mapitara;puring_croton_m2_m2;11;NA;-;-;-;5.5
Mapitara;soka_ixora_m2_m2;12;-;-;-;-;5.5
Mapitara;sri_rejeki_aglaonema_m2_m2;13;-;-;-;-;5.5
Mapitara;anggrek_potong_cut_orchid_tangkai_stalks;2;NA;-;-;-;5.6
Mapitara;krisan_chrysantemum_tangkai_stalks;3;-;-;-;-;5.6
Mapitara;mawar_rose_tangkai_stalks;4;-;-;-;-;5.6
Mapitara;sedap_malam_tuberose_tangkai_stalks;5;-;-;-;-;5.6
Mapitara;anthurium_bunga_flamingo_lily_flower_tangkai_stalks;6;-;-;-;-;5.6
Mapitara;bugenvil_pohon_tree;7;NA;-;-;-;5.6
Mapitara;palem_palm_pohon_tree;8;-;-;-;-;5.6
Mapitara;pedang_pedangan_sanseviera_rumpun_clumps;9;-;-;-;-;5.6
Mapitara;pisang_pisangan_heliconia_tangkai_stalks;10;-;-;-;-;5.6
Mapitara;puring_croton_pohon_tree;11;NA;-;-;-;5.6
Mapitara;soka_ixora_pohon_tree;12;-;-;-;-;5.6
Mapitara;sri_rejeki_aglaonema_pohon_tree;13;-;-;-;-;5.6
Mapitara;mangga_mango_kw_qui;1;-;229;820;760;5.7
Mapitara;durian_durian_kw_qui;2;321;269;694;552;5.7
Mapitara;jeruk_siam_keprok_orange_tangerine_kw_qui;3;-;-;-;-;5.7
Mapitara;pisang_banana_kw_qui;4;33.051;8.262;1.760;1.402;5.7
Mapitara;pepaya_papaya_kw_qui;5;7.084;6.063;307;263;5.7
Mapitara;salak_snakefruit_kw_qui;6;-;-;-;-;5.7
Mapitara;alpukat_avocado_kw_qui;7;895;1.988;2.160;1.849;5.7
Mapitara;jambu_biji_guava_kw_qui;8;-;-;-;-;5.7
Mapitara;nangka_cempedak_jackfruit_kw_qui;9;4.219;1.290;1.248;1.040;5.7
Mapitara;nenas_pineapple_kw_qui;10;1.416;2.986;1.899;442;5.7
Mapitara;rambutan_rambutan_kw_qui;11;625;514;832;798;5.7
Mapitara;salak_snakefruit_kw_qui;12;-;-;-;-;5.7
Mapitara;sirsak_soursop_kw_qui;13;-;-;-;-;5.7
Mego;bawang_merah_shallots_ha_ha;1;3;-;-;-;5.1
Mego;cabai_besar_chili_big_chili_ha_ha;2;10;NA;NA;NA;5.1
Mego;cabai_keriting_chili_curly_chili_ha_ha;3;NA;1;2;1;5.1
Mego;cabai_rawit_chili_cayenne_pepper_ha_ha;4;10;3;5;2;5.1
Mego;kentang_potato_ha_ha;5;-;-;-;-;5.1
Mego;kubis_cabbage_ha_ha;6;-;-;-;-;5.1
Mego;tomat_tomato_ha_ha;7;8;2;5;7;5.1
Mego;bawang_putih_garlic_ha_ha;8;-;-;-;-;5.1
Mego;bawang_merah_shallots_kw_qui;1;31;-;-;-;5.2
Mego;cabai_besar_chili_big_chili_kw_qui;2;517;NA;NA;NA;5.2
Mego;cabai_keriting_chili_curly_chili_kw_qui;3;NA;28;47;8;5.2
Mego;cabai_rawit_chili_cayenne_pepper_kw_qui;4;545;68;61;6;5.2
Mego;kentang_potato_kw_qui;5;-;-;-;-;5.2
Mego;kubis_cabbage_kw_qui;6;-;-;-;-;5.2
Mego;tomat_tomato_kw_qui;7;348;114;141;32;5.2
Mego;bawang_putih_garlic_kw_qui;8;-;-;-;-;5.2
Mego;jahe_ginger_m2_m2;1;2;3.318;7.500;2.891;5.3
Mego;laos_lengkuas_galanga_m2_m2;2;2;2.003;335;471;5.3
Mego;kencur_east_indian_galangal_m2_m2;3;2;583;422;363;5.3
Mego;kunyit_turmeric_m2_m2;4;2;5.258;5.328;3.910;5.3
Mego;jahe_ginger_kg_kg;1;8;9.960;2.710;1.092;5.4
Mego;laos_lengkuas_galanga_kg_kg;2;8;5.179;122;258;5.4
Mego;kencur_east_indian_galangal_kg_kg;3;5;1.644;144;304;5.4
Mego;kunyit_turmeric_kg_kg;4;10;16.499;2.292;1.982;5.4
Mego;anggrek_pot_orchid_potted_orchid_m2_m2;1;NA;-;-;-;5.5
Mego;anggrek_potong_cut_orchid_m2_m2;2;NA;-;-;-;5.5
Mego;krisan_chrysantemum_m2_m2;3;-;-;-;-;5.5
Mego;mawar_rose_m2_m2;4;-;-;-;-;5.5
Mego;sedap_malam_tuberose_m2_m2;5;-;-;-;-;5.5
Mego;anthurium_bunga_flamingo_lily_flower_m2_m2;6;-;-;-;-;5.5
Mego;bugenvil_m2_m2;7;NA;-;-;-;5.5
Mego;palem_palm_pohon_tree;8;-;-;-;-;5.5
Mego;pedang_pedangan_sanseviera_m2_m2;9;-;-;-;-;5.5
Mego;pisang_pisangan_heliconia_m2_m2;10;-;-;-;-;5.5
Mego;puring_croton_m2_m2;11;NA;-;-;-;5.5
Mego;soka_ixora_m2_m2;12;-;-;-;-;5.5
Mego;sri_rejeki_aglaonema_m2_m2;13;-;-;-;-;5.5
Mego;anggrek_potong_cut_orchid_tangkai_stalks;2;NA;-;-;-;5.6
Mego;krisan_chrysantemum_tangkai_stalks;3;-;-;-;-;5.6
Mego;mawar_rose_tangkai_stalks;4;-;-;-;-;5.6
Mego;sedap_malam_tuberose_tangkai_stalks;5;-;-;-;-;5.6
Mego;anthurium_bunga_flamingo_lily_flower_tangkai_stalks;6;-;-;-;-;5.6
Mego;bugenvil_pohon_tree;7;NA;-;-;-;5.6
Mego;palem_palm_pohon_tree;8;-;-;-;-;5.6
Mego;pedang_pedangan_sanseviera_rumpun_clumps;9;-;-;-;-;5.6
Mego;pisang_pisangan_heliconia_tangkai_stalks;10;-;-;-;-;5.6
Mego;puring_croton_pohon_tree;11;NA;-;-;-;5.6
Mego;soka_ixora_pohon_tree;12;-;-;-;-;5.6
Mego;sri_rejeki_aglaonema_pohon_tree;13;-;-;-;-;5.6
Mego;mangga_mango_kw_qui;1;5.500;6.000;1.274;66;5.7
Mego;durian_durian_kw_qui;2;257;143;79;-;5.7
Mego;jeruk_siam_keprok_orange_tangerine_kw_qui;3;500;600;227;-;5.7
Mego;pisang_banana_kw_qui;4;15.500;6.400;725;121;5.7
Mego;pepaya_papaya_kw_qui;5;1.650;700;340;57;5.7
Mego;salak_snakefruit_kw_qui;6;141;277;99;-;5.7
Mego;alpukat_avocado_kw_qui;7;4.000;2.212;703;-;5.7
Mego;jambu_biji_guava_kw_qui;8;1.000;750;240;-;5.7
Mego;nangka_cempedak_jackfruit_kw_qui;9;1.000;650;146;-;5.7
Mego;nenas_pineapple_kw_qui;10;1.110;715;1.196;-;5.7
Mego;rambutan_rambutan_kw_qui;11;135;317;123;-;5.7
Mego;salak_snakefruit_kw_qui;12;141;277;99;-;5.7
Mego;sirsak_soursop_kw_qui;13;385;500;126;-;5.7
Nelle;bawang_merah_shallots_ha_ha;1;-;-;-;-;5.1
Nelle;cabai_besar_chili_big_chili_ha_ha;2;0;NA;NA;NA;5.1
Nelle;cabai_keriting_chili_curly_chili_ha_ha;3;NA;1;0;0;5.1
Nelle;cabai_rawit_chili_cayenne_pepper_ha_ha;4;1;1;0;1;5.1
Nelle;kentang_potato_ha_ha;5;-;-;-;-;5.1
Nelle;kubis_cabbage_ha_ha;6;-;-;-;-;5.1
Nelle;tomat_tomato_ha_ha;7;0;1;1;1;5.1
Nelle;bawang_putih_garlic_ha_ha;8;-;-;-;-;5.1
Nelle;bawang_merah_shallots_kw_qui;1;-;-;-;-;5.2
Nelle;cabai_besar_chili_big_chili_kw_qui;2;6;NA;NA;NA;5.2
Nelle;cabai_keriting_chili_curly_chili_kw_qui;3;NA;17;1;0;5.2
Nelle;cabai_rawit_chili_cayenne_pepper_kw_qui;4;38;25;2;1;5.2
Nelle;kentang_potato_kw_qui;5;-;-;-;-;5.2
Nelle;kubis_cabbage_kw_qui;6;-;-;-;-;5.2
Nelle;tomat_tomato_kw_qui;7;24;109;77;7;5.2
Nelle;bawang_putih_garlic_kw_qui;8;-;-;-;-;5.2
Nelle;jahe_ginger_m2_m2;1;20;-;-;-;5.3
Nelle;laos_lengkuas_galanga_m2_m2;2;25;-;-;-;5.3
Nelle;kencur_east_indian_galangal_m2_m2;3;8;-;-;-;5.3
Nelle;kunyit_turmeric_m2_m2;4;34;-;-;-;5.3
Nelle;jahe_ginger_kg_kg;1;40;-;-;-;5.4
Nelle;laos_lengkuas_galanga_kg_kg;2;80;-;-;-;5.4
Nelle;kencur_east_indian_galangal_kg_kg;3;20;-;-;-;5.4
Nelle;kunyit_turmeric_kg_kg;4;150;-;-;-;5.4
Nelle;anggrek_pot_orchid_potted_orchid_m2_m2;1;NA;-;-;-;5.5
Nelle;anggrek_potong_cut_orchid_m2_m2;2;NA;-;-;-;5.5
Nelle;krisan_chrysantemum_m2_m2;3;-;-;-;-;5.5
Nelle;mawar_rose_m2_m2;4;-;-;-;-;5.5
Nelle;sedap_malam_tuberose_m2_m2;5;-;-;-;-;5.5
Nelle;anthurium_bunga_flamingo_lily_flower_m2_m2;6;-;-;-;-;5.5
Nelle;bugenvil_m2_m2;7;NA;-;-;-;5.5
Nelle;palem_palm_pohon_tree;8;-;-;-;-;5.5
Nelle;pedang_pedangan_sanseviera_m2_m2;9;-;-;-;-;5.5
Nelle;pisang_pisangan_heliconia_m2_m2;10;-;-;-;-;5.5
Nelle;puring_croton_m2_m2;11;NA;-;-;-;5.5
Nelle;soka_ixora_m2_m2;12;-;-;-;-;5.5
Nelle;sri_rejeki_aglaonema_m2_m2;13;-;-;-;-;5.5
Nelle;anggrek_potong_cut_orchid_tangkai_stalks;2;NA;-;-;-;5.6
Nelle;krisan_chrysantemum_tangkai_stalks;3;-;-;-;-;5.6
Nelle;mawar_rose_tangkai_stalks;4;-;-;-;-;5.6
Nelle;sedap_malam_tuberose_tangkai_stalks;5;-;-;-;-;5.6
Nelle;anthurium_bunga_flamingo_lily_flower_tangkai_stalks;6;-;-;-;-;5.6
Nelle;bugenvil_pohon_tree;7;NA;-;-;-;5.6
Nelle;palem_palm_pohon_tree;8;-;-;-;-;5.6
Nelle;pedang_pedangan_sanseviera_rumpun_clumps;9;-;-;-;-;5.6
Nelle;pisang_pisangan_heliconia_tangkai_stalks;10;-;-;-;-;5.6
Nelle;puring_croton_pohon_tree;11;NA;-;-;-;5.6
Nelle;soka_ixora_pohon_tree;12;-;-;-;-;5.6
Nelle;sri_rejeki_aglaonema_pohon_tree;13;-;-;-;-;5.6
Nelle;mangga_mango_kw_qui;1;804;196;112;292;5.7
Nelle;durian_durian_kw_qui;2;-;-;-;-;5.7
Nelle;jeruk_siam_keprok_orange_tangerine_kw_qui;3;23;110;3;6;5.7
Nelle;pisang_banana_kw_qui;4;346;759;323;584;5.7
Nelle;pepaya_papaya_kw_qui;5;128;310;161;642;5.7
Nelle;salak_snakefruit_kw_qui;6;-;-;-;-;5.7
Nelle;alpukat_avocado_kw_qui;7;72;213;70;53;5.7
Nelle;jambu_biji_guava_kw_qui;8;12;135;31;44;5.7
Nelle;nangka_cempedak_jackfruit_kw_qui;9;260;369;67;431;5.7
Nelle;nenas_pineapple_kw_qui;10;34;87;16;76;5.7
Nelle;rambutan_rambutan_kw_qui;11;9;106;23;19;5.7
Nelle;salak_snakefruit_kw_qui;12;-;-;-;-;5.7
Nelle;sirsak_soursop_kw_qui;13;79;225;25;95;5.7
Nita;bawang_merah_shallots_ha_ha;1;-;-;-;-;5.1
Nita;cabai_besar_chili_big_chili_ha_ha;2;7;NA;NA;NA;5.1
Nita;cabai_keriting_chili_curly_chili_ha_ha;3;NA;7;21;18;5.1
Nita;cabai_rawit_chili_cayenne_pepper_ha_ha;4;6;7;18;12;5.1
Nita;kentang_potato_ha_ha;5;-;-;-;1;5.1
Nita;kubis_cabbage_ha_ha;6;0;1;-;-;5.1
Nita;tomat_tomato_ha_ha;7;14;13;25;27;5.1
Nita;bawang_putih_garlic_ha_ha;8;-;-;-;-;5.1
Nita;bawang_merah_shallots_kw_qui;1;-;-;-;-;5.2
Nita;cabai_besar_chili_big_chili_kw_qui;2;705;NA;NA;NA;5.2
Nita;cabai_keriting_chili_curly_chili_kw_qui;3;NA;167;1.560;932;5.2
Nita;cabai_rawit_chili_cayenne_pepper_kw_qui;4;884;270;1.250;1.287;5.2
Nita;kentang_potato_kw_qui;5;-;-;-;100;5.2
Nita;kubis_cabbage_kw_qui;6;7;200;-;-;5.2
Nita;tomat_tomato_kw_qui;7;4.310;4.330;7.200;6.797;5.2
Nita;bawang_putih_garlic_kw_qui;8;-;-;-;-;5.2
Nita;jahe_ginger_m2_m2;1;7.000;23.600;52.000;43.000;5.3
Nita;laos_lengkuas_galanga_m2_m2;2;7.300;21.500;27.000;20.000;5.3
Nita;kencur_east_indian_galangal_m2_m2;3;3.900;6.300;6.000;4.000;5.3
Nita;kunyit_turmeric_m2_m2;4;4.700;11.600;27.000;20.000;5.3
Nita;jahe_ginger_kg_kg;1;14.503;57.938;176.000;104.500;5.4
Nita;laos_lengkuas_galanga_kg_kg;2;35.605;81.900;218.500;79.400;5.4
Nita;kencur_east_indian_galangal_kg_kg;3;5.767;9.850;12.000;7.400;5.4
Nita;kunyit_turmeric_kg_kg;4;23.625;46.300;162.000;73.910;5.4
Nita;anggrek_pot_orchid_potted_orchid_m2_m2;1;NA;-;-;-;5.5
Nita;anggrek_potong_cut_orchid_m2_m2;2;NA;-;-;-;5.5
Nita;krisan_chrysantemum_m2_m2;3;-;-;-;-;5.5
Nita;mawar_rose_m2_m2;4;-;-;-;-;5.5
Nita;sedap_malam_tuberose_m2_m2;5;-;-;-;-;5.5
Nita;anthurium_bunga_flamingo_lily_flower_m2_m2;6;-;-;-;-;5.5
Nita;bugenvil_m2_m2;7;NA;-;-;-;5.5
Nita;palem_palm_pohon_tree;8;-;-;-;-;5.5
Nita;pedang_pedangan_sanseviera_m2_m2;9;-;-;-;-;5.5
Nita;pisang_pisangan_heliconia_m2_m2;10;-;-;-;-;5.5
Nita;puring_croton_m2_m2;11;NA;-;-;-;5.5
Nita;soka_ixora_m2_m2;12;-;-;-;-;5.5
Nita;sri_rejeki_aglaonema_m2_m2;13;-;-;-;-;5.5
Nita;anggrek_potong_cut_orchid_tangkai_stalks;2;NA;-;-;-;5.6
Nita;krisan_chrysantemum_tangkai_stalks;3;-;-;-;-;5.6
Nita;mawar_rose_tangkai_stalks;4;-;-;-;-;5.6
Nita;sedap_malam_tuberose_tangkai_stalks;5;-;-;-;-;5.6
Nita;anthurium_bunga_flamingo_lily_flower_tangkai_stalks;6;-;-;-;-;5.6
Nita;bugenvil_pohon_tree;7;NA;-;-;-;5.6
Nita;palem_palm_pohon_tree;8;-;-;-;-;5.6
Nita;pedang_pedangan_sanseviera_rumpun_clumps;9;-;-;-;-;5.6
Nita;pisang_pisangan_heliconia_tangkai_stalks;10;-;-;-;-;5.6
Nita;puring_croton_pohon_tree;11;NA;-;-;-;5.6
Nita;soka_ixora_pohon_tree;12;-;-;-;-;5.6
Nita;sri_rejeki_aglaonema_pohon_tree;13;-;-;-;-;5.6
Nita;mangga_mango_kw_qui;1;16.150;5.590;2.909;1.434;5.7
Nita;durian_durian_kw_qui;2;230;575;390;90;5.7
Nita;jeruk_siam_keprok_orange_tangerine_kw_qui;3;370;1.600;1.090;177;5.7
Nita;pisang_banana_kw_qui;4;30.560;29.500;54.800;10.872;5.7
Nita;pepaya_papaya_kw_qui;5;20.550;19.220;12.780;4.300;5.7
Nita;salak_snakefruit_kw_qui;6;800;1.810;2.840;420;5.7
Nita;alpukat_avocado_kw_qui;7;1.864;3.777;7.808;3.756;5.7
Nita;jambu_biji_guava_kw_qui;8;1.033;660;359;525;5.7
Nita;nangka_cempedak_jackfruit_kw_qui;9;2.045;600;3.312;920;5.7
Nita;nenas_pineapple_kw_qui;10;569;1.126;2.276;1.876;5.7
Nita;rambutan_rambutan_kw_qui;11;940;1.400;402;200;5.7
Nita;salak_snakefruit_kw_qui;12;800;1.810;2.840;420;5.7
Nita;sirsak_soursop_kw_qui;13;670;1.700;818;220;5.7
Paga;bawang_merah_shallots_ha_ha;1;-;-;-;-;5.1
Paga;cabai_besar_chili_big_chili_ha_ha;2;2;NA;NA;NA;5.1
Paga;cabai_keriting_chili_curly_chili_ha_ha;3;NA;2;4;3;5.1
Paga;cabai_rawit_chili_cayenne_pepper_ha_ha;4;7;3;3;2;5.1
Paga;kentang_potato_ha_ha;5;-;-;-;-;5.1
Paga;kubis_cabbage_ha_ha;6;-;-;-;-;5.1
Paga;tomat_tomato_ha_ha;7;3;2;2;3;5.1
Paga;bawang_putih_garlic_ha_ha;8;-;-;-;-;5.1
Paga;bawang_merah_shallots_kw_qui;1;-;-;-;-;5.2
Paga;cabai_besar_chili_big_chili_kw_qui;2;100;NA;NA;NA;5.2
Paga;cabai_keriting_chili_curly_chili_kw_qui;3;NA;246;430;626;5.2
Paga;cabai_rawit_chili_cayenne_pepper_kw_qui;4;992;385;516;519;5.2
Paga;kentang_potato_kw_qui;5;-;-;-;-;5.2
Paga;kubis_cabbage_kw_qui;6;-;-;-;-;5.2
Paga;tomat_tomato_kw_qui;7;921;700;231;670;5.2
Paga;bawang_putih_garlic_kw_qui;8;-;-;-;-;5.2
Paga;jahe_ginger_m2_m2;1;-;-;-;1;5.3
Paga;laos_lengkuas_galanga_m2_m2;2;-;-;-;-;5.3
Paga;kencur_east_indian_galangal_m2_m2;3;-;-;-;-;5.3
Paga;kunyit_turmeric_m2_m2;4;-;-;-;-;5.3
Paga;jahe_ginger_kg_kg;1;-;-;-;2;5.4
Paga;laos_lengkuas_galanga_kg_kg;2;-;-;-;-;5.4
Paga;kencur_east_indian_galangal_kg_kg;3;-;-;-;-;5.4
Paga;kunyit_turmeric_kg_kg;4;-;-;-;-;5.4
Paga;anggrek_pot_orchid_potted_orchid_m2_m2;1;NA;-;-;-;5.5
Paga;anggrek_potong_cut_orchid_m2_m2;2;NA;-;-;-;5.5
Paga;krisan_chrysantemum_m2_m2;3;-;-;-;-;5.5
Paga;mawar_rose_m2_m2;4;-;-;-;-;5.5
Paga;sedap_malam_tuberose_m2_m2;5;-;-;-;-;5.5
Paga;anthurium_bunga_flamingo_lily_flower_m2_m2;6;-;-;-;-;5.5
Paga;bugenvil_m2_m2;7;NA;-;-;-;5.5
Paga;palem_palm_pohon_tree;8;-;-;-;-;5.5
Paga;pedang_pedangan_sanseviera_m2_m2;9;-;-;-;-;5.5
Paga;pisang_pisangan_heliconia_m2_m2;10;-;-;-;-;5.5
Paga;puring_croton_m2_m2;11;NA;-;-;-;5.5
Paga;soka_ixora_m2_m2;12;-;-;-;-;5.5
Paga;sri_rejeki_aglaonema_m2_m2;13;-;-;-;-;5.5
Paga;anggrek_potong_cut_orchid_tangkai_stalks;2;NA;-;-;-;5.6
Paga;krisan_chrysantemum_tangkai_stalks;3;-;-;-;-;5.6
Paga;mawar_rose_tangkai_stalks;4;-;-;-;-;5.6
Paga;sedap_malam_tuberose_tangkai_stalks;5;-;-;-;-;5.6
Paga;anthurium_bunga_flamingo_lily_flower_tangkai_stalks;6;-;-;-;-;5.6
Paga;bugenvil_pohon_tree;7;NA;-;-;-;5.6
Paga;palem_palm_pohon_tree;8;-;-;-;-;5.6
Paga;pedang_pedangan_sanseviera_rumpun_clumps;9;-;-;-;-;5.6
Paga;pisang_pisangan_heliconia_tangkai_stalks;10;-;-;-;-;5.6
Paga;puring_croton_pohon_tree;11;NA;-;-;-;5.6
Paga;soka_ixora_pohon_tree;12;-;-;-;-;5.6
Paga;sri_rejeki_aglaonema_pohon_tree;13;-;-;-;-;5.6
Paga;mangga_mango_kw_qui;1;5.900;180;360;504;5.7
Paga;durian_durian_kw_qui;2;-;-;-;-;5.7
Paga;jeruk_siam_keprok_orange_tangerine_kw_qui;3;335.500;118.350;604;435;5.7
Paga;pisang_banana_kw_qui;4;475.000;34.160;5.075;2.764;5.7
Paga;pepaya_papaya_kw_qui;5;7.089;2.568;687;481;5.7
Paga;salak_snakefruit_kw_qui;6;6.300;8;-;-;5.7
Paga;alpukat_avocado_kw_qui;7;870;100;350;89;5.7
Paga;jambu_biji_guava_kw_qui;8;505;90;110;40;5.7
Paga;nangka_cempedak_jackfruit_kw_qui;9;33.500;788;290;481;5.7
Paga;nenas_pineapple_kw_qui;10;4.103;1.180;1.100;387;5.7
Paga;rambutan_rambutan_kw_qui;11;-;-;-;-;5.7
Paga;salak_snakefruit_kw_qui;12;6.300;8;-;-;5.7
Paga;sirsak_soursop_kw_qui;13;729;15;-;-;5.7
Palue;bawang_merah_shallots_ha_ha;1;-;-;-;-;5.1
Palue;cabai_besar_chili_big_chili_ha_ha;2;-;NA;NA;NA;5.1
Palue;cabai_keriting_chili_curly_chili_ha_ha;3;NA;-;1;-;5.1
Palue;cabai_rawit_chili_cayenne_pepper_ha_ha;4;-;0;0;0;5.1
Palue;kentang_potato_ha_ha;5;-;-;-;-;5.1
Palue;kubis_cabbage_ha_ha;6;-;-;-;-;5.1
Palue;tomat_tomato_ha_ha;7;-;-;-;0;5.1
Palue;bawang_putih_garlic_ha_ha;8;-;-;-;-;5.1
Palue;bawang_merah_shallots_kw_qui;1;-;-;-;-;5.2
Palue;cabai_besar_chili_big_chili_kw_qui;2;-;NA;NA;NA;5.2
Palue;cabai_keriting_chili_curly_chili_kw_qui;3;NA;-;5;-;5.2
Palue;cabai_rawit_chili_cayenne_pepper_kw_qui;4;-;2;3;2;5.2
Palue;kentang_potato_kw_qui;5;-;-;-;-;5.2
Palue;kubis_cabbage_kw_qui;6;-;-;-;-;5.2
Palue;tomat_tomato_kw_qui;7;-;-;-;1;5.2
Palue;bawang_putih_garlic_kw_qui;8;-;-;-;-;5.2
Palue;jahe_ginger_m2_m2;1;158;14;1;1;5.3
Palue;laos_lengkuas_galanga_m2_m2;2;105;-;1;1;5.3
Palue;kencur_east_indian_galangal_m2_m2;3;60;1;1;1;5.3
Palue;kunyit_turmeric_m2_m2;4;115;20;1;1;5.3
Palue;jahe_ginger_kg_kg;1;420;35;1;2;5.4
Palue;laos_lengkuas_galanga_kg_kg;2;520;-;1;3;5.4
Palue;kencur_east_indian_galangal_kg_kg;3;150;1;1;4;5.4
Palue;kunyit_turmeric_kg_kg;4;210;78;1;3;5.4
Palue;anggrek_pot_orchid_potted_orchid_m2_m2;1;NA;-;-;-;5.5
Palue;anggrek_potong_cut_orchid_m2_m2;2;NA;-;-;-;5.5
Palue;krisan_chrysantemum_m2_m2;3;-;-;-;-;5.5
Palue;mawar_rose_m2_m2;4;-;-;-;-;5.5
Palue;sedap_malam_tuberose_m2_m2;5;-;-;-;-;5.5
Palue;anthurium_bunga_flamingo_lily_flower_m2_m2;6;-;-;-;-;5.5
Palue;bugenvil_m2_m2;7;NA;-;-;-;5.5
Palue;palem_palm_pohon_tree;8;-;-;-;-;5.5
Palue;pedang_pedangan_sanseviera_m2_m2;9;-;-;-;-;5.5
Palue;pisang_pisangan_heliconia_m2_m2;10;-;-;-;-;5.5
Palue;puring_croton_m2_m2;11;NA;-;-;-;5.5
Palue;soka_ixora_m2_m2;12;-;-;-;-;5.5
Palue;sri_rejeki_aglaonema_m2_m2;13;-;-;-;-;5.5
Palue;anggrek_potong_cut_orchid_tangkai_stalks;2;NA;-;-;-;5.6
Palue;krisan_chrysantemum_tangkai_stalks;3;-;-;-;-;5.6
Palue;mawar_rose_tangkai_stalks;4;-;-;-;-;5.6
Palue;sedap_malam_tuberose_tangkai_stalks;5;-;-;-;-;5.6
Palue;anthurium_bunga_flamingo_lily_flower_tangkai_stalks;6;-;-;-;-;5.6
Palue;bugenvil_pohon_tree;7;NA;-;-;-;5.6
Palue;palem_palm_pohon_tree;8;-;-;-;-;5.6
Palue;pedang_pedangan_sanseviera_rumpun_clumps;9;-;-;-;-;5.6
Palue;pisang_pisangan_heliconia_tangkai_stalks;10;-;-;-;-;5.6
Palue;puring_croton_pohon_tree;11;NA;-;-;-;5.6
Palue;soka_ixora_pohon_tree;12;-;-;-;-;5.6
Palue;sri_rejeki_aglaonema_pohon_tree;13;-;-;-;-;5.6
Palue;mangga_mango_kw_qui;1;317;154;16;91;5.7
Palue;durian_durian_kw_qui;2;-;-;-;-;5.7
Palue;jeruk_siam_keprok_orange_tangerine_kw_qui;3;-;-;7;-;5.7
Palue;pisang_banana_kw_qui;4;930;1.100;271;367;5.7
Palue;pepaya_papaya_kw_qui;5;2.920;1.090;196;171;5.7
Palue;salak_snakefruit_kw_qui;6;-;-;-;-;5.7
Palue;alpukat_avocado_kw_qui;7;382;25;11;64;5.7
Palue;jambu_biji_guava_kw_qui;8;179;42;37;278;5.7
Palue;nangka_cempedak_jackfruit_kw_qui;9;225;105;25;147;5.7
Palue;nenas_pineapple_kw_qui;10;99;151;20;59;5.7
Palue;rambutan_rambutan_kw_qui;11;-;-;-;-;5.7
Palue;salak_snakefruit_kw_qui;12;-;-;-;-;5.7
Palue;sirsak_soursop_kw_qui;13;-;-;9;9;5.7
Sikka;bawang_merah_shallots_ha_ha;1;29;23;23;19;5.1
Sikka;cabai_besar_chili_big_chili_ha_ha;2;46;NA;NA;NA;5.1
Sikka;cabai_keriting_chili_curly_chili_ha_ha;3;NA;17;35;29;5.1
Sikka;cabai_rawit_chili_cayenne_pepper_ha_ha;4;75;56;67;41;5.1
Sikka;kentang_potato_ha_ha;5;-;5;8;3;5.1
Sikka;kubis_cabbage_ha_ha;6;3;5;4;2;5.1
Sikka;tomat_tomato_ha_ha;7;65;61;69;68;5.1
Sikka;bawang_putih_garlic_ha_ha;8;1;-;-;-;5.1
Sikka;bawang_merah_shallots_kw_qui;1;2.112;378;805;490;5.2
Sikka;cabai_besar_chili_big_chili_kw_qui;2;3.113;NA;NA;NA;5.2
Sikka;cabai_keriting_chili_curly_chili_kw_qui;3;NA;528;2.119;1.741;5.2
Sikka;cabai_rawit_chili_cayenne_pepper_kw_qui;4;7.418;3.140;2.408;2.129;5.2
Sikka;kentang_potato_kw_qui;5;-;609;650;312;5.2
Sikka;kubis_cabbage_kw_qui;6;405;249;9;28;5.2
Sikka;tomat_tomato_kw_qui;7;8.657;6.510;9.312;9.015;5.2
Sikka;bawang_putih_garlic_kw_qui;8;4;-;-;-;5.2
Sikka;jahe_ginger_m2_m2;1;41.601;61.258;129.963;121.654;5.3
Sikka;laos_lengkuas_galanga_m2_m2;2;25.739;39.159;38.305;38.395;5.3
Sikka;kencur_east_indian_galangal_m2_m2;3;21.214;28.945;30.296;27.480;5.3
Sikka;kunyit_turmeric_m2_m2;4;62.136;60.928;73.296;59.259;5.3
Sikka;jahe_ginger_kg_kg;1;145.630;152.591;296.528;171.025;5.4
Sikka;laos_lengkuas_galanga_kg_kg;2;63.454;130.879;233.469;102.245;5.4
Sikka;kencur_east_indian_galangal_kg_kg;3;28.914;70.002;46.915;29.478;5.4
Sikka;kunyit_turmeric_kg_kg;4;105.246;150.983;227.293;122.616;5.4
Sikka;anggrek_pot_orchid_potted_orchid_m2_m2;1;NA;-;40;9;5.5
Sikka;anggrek_potong_cut_orchid_m2_m2;2;NA;-;-;-;5.5
Sikka;krisan_chrysantemum_m2_m2;3;-;-;140;8;5.5
Sikka;mawar_rose_m2_m2;4;-;-;90;10;5.5
Sikka;sedap_malam_tuberose_m2_m2;5;-;-;-;-;5.5
Sikka;anthurium_bunga_flamingo_lily_flower_m2_m2;6;-;-;90;10;5.5
Sikka;bugenvil_m2_m2;7;NA;-;180;19;5.5
Sikka;palem_palm_pohon_tree;8;-;-;370;28;5.5
Sikka;pedang_pedangan_sanseviera_m2_m2;9;-;-;195;19;5.5
Sikka;pisang_pisangan_heliconia_m2_m2;10;-;-;132;26;5.5
Sikka;puring_croton_m2_m2;11;NA;-;160;13;5.5
Sikka;soka_ixora_m2_m2;12;-;-;118;13;5.5
Sikka;sri_rejeki_aglaonema_m2_m2;13;-;-;90;9;5.5
Sikka;anggrek_potong_cut_orchid_tangkai_stalks;2;NA;-;-;-;5.6
Sikka;krisan_chrysantemum_tangkai_stalks;3;-;-;175;12;5.6
Sikka;mawar_rose_tangkai_stalks;4;-;-;120;18;5.6
Sikka;sedap_malam_tuberose_tangkai_stalks;5;-;-;-;-;5.6
Sikka;anthurium_bunga_flamingo_lily_flower_tangkai_stalks;6;-;-;140;22;5.6
Sikka;bugenvil_pohon_tree;7;NA;-;210;30;5.6
Sikka;palem_palm_pohon_tree;8;-;-;370;37;5.6
Sikka;pedang_pedangan_sanseviera_rumpun_clumps;9;-;-;195;25;5.6
Sikka;pisang_pisangan_heliconia_tangkai_stalks;10;-;-;132;44;5.6
Sikka;puring_croton_pohon_tree;11;NA;-;160;18;5.6
Sikka;soka_ixora_pohon_tree;12;-;-;141;19;5.6
Sikka;sri_rejeki_aglaonema_pohon_tree;13;-;-;125;14;5.6
Sikka;mangga_mango_kw_qui;1;80.640;42.116;19.416;13.365;5.7
Sikka;durian_durian_kw_qui;2;1.786;8.552;14.910;4.865;5.7
Sikka;jeruk_siam_keprok_orange_tangerine_kw_qui;3;342.286;126.264;4.229;1.669;5.7
Sikka;pisang_banana_kw_qui;4;823.132;284.952;150.673;56.329;5.7
Sikka;pepaya_papaya_kw_qui;5;94.480;73.940;35.182;17.382;5.7
Sikka;salak_snakefruit_kw_qui;6;15.176;5.419;7.482;2.240;5.7
Sikka;alpukat_avocado_kw_qui;7;36.271;24.556;26.383;11.196;5.7
Sikka;jambu_biji_guava_kw_qui;8;6.173;9.490;5.529;2.381;5.7
Sikka;nangka_cempedak_jackfruit_kw_qui;9;66.213;18.025;9.202;7.485;5.7
Sikka;nenas_pineapple_kw_qui;10;29.080;26.447;36.064;6.755;5.7
Sikka;rambutan_rambutan_kw_qui;11;4.196;3.940;2.566;2.467;5.7
Sikka;salak_snakefruit_kw_qui;12;15.176;5.419;7.482;2.240;5.7
Sikka;sirsak_soursop_kw_qui;13;6.789;6.152;2.080;2.997;5.7
Talibura;bawang_merah_shallots_ha_ha;1;1;3;1;1;5.1
Talibura;cabai_besar_chili_big_chili_ha_ha;2;4;NA;NA;NA;5.1
Talibura;cabai_keriting_chili_curly_chili_ha_ha;3;NA;-;-;-;5.1
Talibura;cabai_rawit_chili_cayenne_pepper_ha_ha;4;-;2;8;6;5.1
Talibura;kentang_potato_ha_ha;5;-;-;-;-;5.1
Talibura;kubis_cabbage_ha_ha;6;2;2;1;-;5.1
Talibura;tomat_tomato_ha_ha;7;3;3;7;5;5.1
Talibura;bawang_putih_garlic_ha_ha;8;-;-;-;-;5.1
Talibura;bawang_merah_shallots_kw_qui;1;50;6;2;12;5.2
Talibura;cabai_besar_chili_big_chili_kw_qui;2;170;NA;NA;NA;5.2
Talibura;cabai_keriting_chili_curly_chili_kw_qui;3;NA;-;-;-;5.2
Talibura;cabai_rawit_chili_cayenne_pepper_kw_qui;4;-;25;51;56;5.2
Talibura;kentang_potato_kw_qui;5;-;-;-;-;5.2
Talibura;kubis_cabbage_kw_qui;6;375;4;1;-;5.2
Talibura;tomat_tomato_kw_qui;7;380;12;18;24;5.2
Talibura;bawang_putih_garlic_kw_qui;8;-;-;-;-;5.2
Talibura;jahe_ginger_m2_m2;1;-;-;-;-;5.3
Talibura;laos_lengkuas_galanga_m2_m2;2;-;-;-;-;5.3
Talibura;kencur_east_indian_galangal_m2_m2;3;-;-;-;-;5.3
Talibura;kunyit_turmeric_m2_m2;4;-;-;-;-;5.3
Talibura;jahe_ginger_kg_kg;1;-;-;-;-;5.4
Talibura;laos_lengkuas_galanga_kg_kg;2;-;-;-;-;5.4
Talibura;kencur_east_indian_galangal_kg_kg;3;-;-;-;-;5.4
Talibura;kunyit_turmeric_kg_kg;4;-;-;-;-;5.4
Talibura;anggrek_pot_orchid_potted_orchid_m2_m2;1;NA;-;-;-;5.5
Talibura;anggrek_potong_cut_orchid_m2_m2;2;NA;-;-;-;5.5
Talibura;krisan_chrysantemum_m2_m2;3;-;-;-;-;5.5
Talibura;mawar_rose_m2_m2;4;-;-;-;-;5.5
Talibura;sedap_malam_tuberose_m2_m2;5;-;-;-;-;5.5
Talibura;anthurium_bunga_flamingo_lily_flower_m2_m2;6;-;-;-;-;5.5
Talibura;bugenvil_m2_m2;7;NA;-;-;-;5.5
Talibura;palem_palm_pohon_tree;8;-;-;-;-;5.5
Talibura;pedang_pedangan_sanseviera_m2_m2;9;-;-;-;-;5.5
Talibura;pisang_pisangan_heliconia_m2_m2;10;-;-;-;-;5.5
Talibura;puring_croton_m2_m2;11;NA;-;-;-;5.5
Talibura;soka_ixora_m2_m2;12;-;-;-;-;5.5
Talibura;sri_rejeki_aglaonema_m2_m2;13;-;-;-;-;5.5
Talibura;anggrek_potong_cut_orchid_tangkai_stalks;2;NA;-;-;-;5.6
Talibura;krisan_chrysantemum_tangkai_stalks;3;-;-;-;-;5.6
Talibura;mawar_rose_tangkai_stalks;4;-;-;-;-;5.6
Talibura;sedap_malam_tuberose_tangkai_stalks;5;-;-;-;-;5.6
Talibura;anthurium_bunga_flamingo_lily_flower_tangkai_stalks;6;-;-;-;-;5.6
Talibura;bugenvil_pohon_tree;7;NA;-;-;-;5.6
Talibura;palem_palm_pohon_tree;8;-;-;-;-;5.6
Talibura;pedang_pedangan_sanseviera_rumpun_clumps;9;-;-;-;-;5.6
Talibura;pisang_pisangan_heliconia_tangkai_stalks;10;-;-;-;-;5.6
Talibura;puring_croton_pohon_tree;11;NA;-;-;-;5.6
Talibura;soka_ixora_pohon_tree;12;-;-;-;-;5.6
Talibura;sri_rejeki_aglaonema_pohon_tree;13;-;-;-;-;5.6
Talibura;mangga_mango_kw_qui;1;2.000;700;276;332;5.7
Talibura;durian_durian_kw_qui;2;-;-;-;-;5.7
Talibura;jeruk_siam_keprok_orange_tangerine_kw_qui;3;-;-;-;-;5.7
Talibura;pisang_banana_kw_qui;4;29.810;72.000;22.052;16.591;5.7
Talibura;pepaya_papaya_kw_qui;5;1.030;6.235;465;585;5.7
Talibura;salak_snakefruit_kw_qui;6;259;600;137;20;5.7
Talibura;alpukat_avocado_kw_qui;7;-;520;100;170;5.7
Talibura;jambu_biji_guava_kw_qui;8;-;-;-;-;5.7
Talibura;nangka_cempedak_jackfruit_kw_qui;9;185;64;83;328;5.7
Talibura;nenas_pineapple_kw_qui;10;1.474;1.440;2.901;580;5.7
Talibura;rambutan_rambutan_kw_qui;11;365;170;114;80;5.7
Talibura;salak_snakefruit_kw_qui;12;259;600;137;20;5.7
Talibura;sirsak_soursop_kw_qui;13;-;-;-;-;5.7
Tana Wawo;bawang_merah_shallots_ha_ha;1;7;7;5;4;5.1
Tana Wawo;cabai_besar_chili_big_chili_ha_ha;2;5;NA;NA;NA;5.1
Tana Wawo;cabai_keriting_chili_curly_chili_ha_ha;3;NA;2;2;-;5.1
Tana Wawo;cabai_rawit_chili_cayenne_pepper_ha_ha;4;18;17;13;5;5.1
Tana Wawo;kentang_potato_ha_ha;5;-;-;-;0;5.1
Tana Wawo;kubis_cabbage_ha_ha;6;-;1;-;-;5.1
Tana Wawo;tomat_tomato_ha_ha;7;7;5;1;0;5.1
Tana Wawo;bawang_putih_garlic_ha_ha;8;-;-;-;-;5.1
Tana Wawo;bawang_merah_shallots_kw_qui;1;497;23;24;23;5.2
Tana Wawo;cabai_besar_chili_big_chili_kw_qui;2;735;NA;NA;NA;5.2
Tana Wawo;cabai_keriting_chili_curly_chili_kw_qui;3;NA;9;5;-;5.2
Tana Wawo;cabai_rawit_chili_cayenne_pepper_kw_qui;4;3.300;92;104;40;5.2
Tana Wawo;kentang_potato_kw_qui;5;-;-;-;12;5.2
Tana Wawo;kubis_cabbage_kw_qui;6;-;40;-;-;5.2
Tana Wawo;tomat_tomato_kw_qui;7;231;22;2;1;5.2
Tana Wawo;bawang_putih_garlic_kw_qui;8;-;-;-;-;5.2
Tana Wawo;jahe_ginger_m2_m2;1;7.000;22.500;27.500;800;5.3
Tana Wawo;laos_lengkuas_galanga_m2_m2;2;6.020;5.700;700;560;5.3
Tana Wawo;kencur_east_indian_galangal_m2_m2;3;7.800;13.000;15.200;450;5.3
Tana Wawo;kunyit_turmeric_m2_m2;4;12.125;16.500;26.000;900;5.3
Tana Wawo;jahe_ginger_kg_kg;1;19.000;14.000;37.750;330;5.4
Tana Wawo;laos_lengkuas_galanga_kg_kg;2;7.300;5.410;700;220;5.4
Tana Wawo;kencur_east_indian_galangal_kg_kg;3;9.300;23.800;22.800;260;5.4
Tana Wawo;kunyit_turmeric_kg_kg;4;20.750;10.450;26.300;410;5.4
Tana Wawo;anggrek_pot_orchid_potted_orchid_m2_m2;1;NA;-;-;-;5.5
Tana Wawo;anggrek_potong_cut_orchid_m2_m2;2;NA;-;-;-;5.5
Tana Wawo;krisan_chrysantemum_m2_m2;3;-;-;-;-;5.5
Tana Wawo;mawar_rose_m2_m2;4;-;-;-;-;5.5
Tana Wawo;sedap_malam_tuberose_m2_m2;5;-;-;-;-;5.5
Tana Wawo;anthurium_bunga_flamingo_lily_flower_m2_m2;6;-;-;-;-;5.5
Tana Wawo;bugenvil_m2_m2;7;NA;-;-;-;5.5
Tana Wawo;palem_palm_pohon_tree;8;-;-;-;-;5.5
Tana Wawo;pedang_pedangan_sanseviera_m2_m2;9;-;-;-;-;5.5
Tana Wawo;pisang_pisangan_heliconia_m2_m2;10;-;-;-;-;5.5
Tana Wawo;puring_croton_m2_m2;11;NA;-;-;-;5.5
Tana Wawo;soka_ixora_m2_m2;12;-;-;-;-;5.5
Tana Wawo;sri_rejeki_aglaonema_m2_m2;13;-;-;-;-;5.5
Tana Wawo;anggrek_potong_cut_orchid_tangkai_stalks;2;NA;-;-;-;5.6
Tana Wawo;krisan_chrysantemum_tangkai_stalks;3;-;-;-;-;5.6
Tana Wawo;mawar_rose_tangkai_stalks;4;-;-;-;-;5.6
Tana Wawo;sedap_malam_tuberose_tangkai_stalks;5;-;-;-;-;5.6
Tana Wawo;anthurium_bunga_flamingo_lily_flower_tangkai_stalks;6;-;-;-;-;5.6
Tana Wawo;bugenvil_pohon_tree;7;NA;-;-;-;5.6
Tana Wawo;palem_palm_pohon_tree;8;-;-;-;-;5.6
Tana Wawo;pedang_pedangan_sanseviera_rumpun_clumps;9;-;-;-;-;5.6
Tana Wawo;pisang_pisangan_heliconia_tangkai_stalks;10;-;-;-;-;5.6
Tana Wawo;puring_croton_pohon_tree;11;NA;-;-;-;5.6
Tana Wawo;soka_ixora_pohon_tree;12;-;-;-;-;5.6
Tana Wawo;sri_rejeki_aglaonema_pohon_tree;13;-;-;-;-;5.6
Tana Wawo;mangga_mango_kw_qui;1;4.200;2.500;509;119;5.7
Tana Wawo;durian_durian_kw_qui;2;250;289;508;-;5.7
Tana Wawo;jeruk_siam_keprok_orange_tangerine_kw_qui;3;5.000;4.020;947;123;5.7
Tana Wawo;pisang_banana_kw_qui;4;93.000;46.580;5.613;568;5.7
Tana Wawo;pepaya_papaya_kw_qui;5;3.200;531;175;67;5.7
Tana Wawo;salak_snakefruit_kw_qui;6;-;-;-;-;5.7
Tana Wawo;alpukat_avocado_kw_qui;7;4.200;2.500;314;82;5.7
Tana Wawo;jambu_biji_guava_kw_qui;8;325;650;185;-;5.7
Tana Wawo;nangka_cempedak_jackfruit_kw_qui;9;2.900;2.142;390;79;5.7
Tana Wawo;nenas_pineapple_kw_qui;10;174;307;408;46;5.7
Tana Wawo;rambutan_rambutan_kw_qui;11;-;-;-;-;5.7
Tana Wawo;salak_snakefruit_kw_qui;12;-;-;-;-;5.7
Tana Wawo;sirsak_soursop_kw_qui;13;371;350;132;-;5.7
Waiblama;bawang_merah_shallots_ha_ha;1;-;-;-;-;5.1
Waiblama;cabai_besar_chili_big_chili_ha_ha;2;-;NA;NA;NA;5.1
Waiblama;cabai_keriting_chili_curly_chili_ha_ha;3;NA;2;-;-;5.1
Waiblama;cabai_rawit_chili_cayenne_pepper_ha_ha;4;4;1;-;-;5.1
Waiblama;kentang_potato_ha_ha;5;-;-;-;-;5.1
Waiblama;kubis_cabbage_ha_ha;6;-;-;-;-;5.1
Waiblama;tomat_tomato_ha_ha;7;-;1;1;-;5.1
Waiblama;bawang_putih_garlic_ha_ha;8;-;-;-;-;5.1
Waiblama;bawang_merah_shallots_kw_qui;1;-;-;-;-;5.2
Waiblama;cabai_besar_chili_big_chili_kw_qui;2;-;NA;NA;NA;5.2
Waiblama;cabai_keriting_chili_curly_chili_kw_qui;3;NA;3;-;-;5.2
Waiblama;cabai_rawit_chili_cayenne_pepper_kw_qui;4;15;2;-;-;5.2
Waiblama;kentang_potato_kw_qui;5;-;-;-;-;5.2
Waiblama;kubis_cabbage_kw_qui;6;-;-;-;-;5.2
Waiblama;tomat_tomato_kw_qui;7;-;1;145;-;5.2
Waiblama;bawang_putih_garlic_kw_qui;8;-;-;-;-;5.2
Waiblama;jahe_ginger_m2_m2;1;1.005;75;75;1.900;5.3
Waiblama;laos_lengkuas_galanga_m2_m2;2;715;125;125;125;5.3
Waiblama;kencur_east_indian_galangal_m2_m2;3;420;150;150;1.950;5.3
Waiblama;kunyit_turmeric_m2_m2;4;750;25;25;2.050;5.3
Waiblama;jahe_ginger_kg_kg;1;242;272;203;590;5.4
Waiblama;laos_lengkuas_galanga_kg_kg;2;700;249;437;100;5.4
Waiblama;kencur_east_indian_galangal_kg_kg;3;343;170;103;965;5.4
Waiblama;kunyit_turmeric_kg_kg;4;323;65;52;1.350;5.4
Waiblama;anggrek_pot_orchid_potted_orchid_m2_m2;1;NA;-;-;-;5.5
Waiblama;anggrek_potong_cut_orchid_m2_m2;2;NA;-;-;-;5.5
Waiblama;krisan_chrysantemum_m2_m2;3;-;-;-;-;5.5
Waiblama;mawar_rose_m2_m2;4;-;-;-;-;5.5
Waiblama;sedap_malam_tuberose_m2_m2;5;-;-;-;-;5.5
Waiblama;anthurium_bunga_flamingo_lily_flower_m2_m2;6;-;-;-;-;5.5
Waiblama;bugenvil_m2_m2;7;NA;-;-;-;5.5
Waiblama;palem_palm_pohon_tree;8;-;-;-;-;5.5
Waiblama;pedang_pedangan_sanseviera_m2_m2;9;-;-;-;-;5.5
Waiblama;pisang_pisangan_heliconia_m2_m2;10;-;-;-;-;5.5
Waiblama;puring_croton_m2_m2;11;NA;-;-;-;5.5
Waiblama;soka_ixora_m2_m2;12;-;-;-;-;5.5
Waiblama;sri_rejeki_aglaonema_m2_m2;13;-;-;-;-;5.5
Waiblama;anggrek_potong_cut_orchid_tangkai_stalks;2;NA;-;-;-;5.6
Waiblama;krisan_chrysantemum_tangkai_stalks;3;-;-;-;-;5.6
Waiblama;mawar_rose_tangkai_stalks;4;-;-;-;-;5.6
Waiblama;sedap_malam_tuberose_tangkai_stalks;5;-;-;-;-;5.6
Waiblama;anthurium_bunga_flamingo_lily_flower_tangkai_stalks;6;-;-;-;-;5.6
Waiblama;bugenvil_pohon_tree;7;NA;-;-;-;5.6
Waiblama;palem_palm_pohon_tree;8;-;-;-;-;5.6
Waiblama;pedang_pedangan_sanseviera_rumpun_clumps;9;-;-;-;-;5.6
Waiblama;pisang_pisangan_heliconia_tangkai_stalks;10;-;-;-;-;5.6
Waiblama;puring_croton_pohon_tree;11;NA;-;-;-;5.6
Waiblama;soka_ixora_pohon_tree;12;-;-;-;-;5.6
Waiblama;sri_rejeki_aglaonema_pohon_tree;13;-;-;-;-;5.6
Waiblama;mangga_mango_kw_qui;1;450;251;654;1.133;5.7
Waiblama;durian_durian_kw_qui;2;-;-;-;-;5.7
Waiblama;jeruk_siam_keprok_orange_tangerine_kw_qui;3;15;20;24;10;5.7
Waiblama;pisang_banana_kw_qui;4;13.991;4.468;5.002;2.255;5.7
Waiblama;pepaya_papaya_kw_qui;5;4.200;3.930;1.455;1.193;5.7
Waiblama;salak_snakefruit_kw_qui;6;-;4;4;1;5.7
Waiblama;alpukat_avocado_kw_qui;7;6;19;15;36;5.7
Waiblama;jambu_biji_guava_kw_qui;8;140;161;176;340;5.7
Waiblama;nangka_cempedak_jackfruit_kw_qui;9;1.972;2.927;908;1.375;5.7
Waiblama;nenas_pineapple_kw_qui;10;816;5.249;6.870;1.279;5.7
Waiblama;rambutan_rambutan_kw_qui;11;16;16;20;5;5.7
Waiblama;salak_snakefruit_kw_qui;12;-;4;4;1;5.7
Waiblama;sirsak_soursop_kw_qui;13;24;20;20;74;5.7
Waigete;bawang_merah_shallots_ha_ha;1;2;1;4;1;5.1
Waigete;cabai_besar_chili_big_chili_ha_ha;2;-;NA;NA;NA;5.1
Waigete;cabai_keriting_chili_curly_chili_ha_ha;3;NA;0;2;1;5.1
Waigete;cabai_rawit_chili_cayenne_pepper_ha_ha;4;2;5;5;4;5.1
Waigete;kentang_potato_ha_ha;5;-;-;-;-;5.1
Waigete;kubis_cabbage_ha_ha;6;1;2;4;2;5.1
Waigete;tomat_tomato_ha_ha;7;3;6;10;1;5.1
Waigete;bawang_putih_garlic_ha_ha;8;-;-;-;-;5.1
Waigete;bawang_merah_shallots_kw_qui;1;128;33;9;7;5.2
Waigete;cabai_besar_chili_big_chili_kw_qui;2;-;NA;NA;NA;5.2
Waigete;cabai_keriting_chili_curly_chili_kw_qui;3;NA;8;14;11;5.2
Waigete;cabai_rawit_chili_cayenne_pepper_kw_qui;4;45;49;119;22;5.2
Waigete;kentang_potato_kw_qui;5;-;-;-;-;5.2
Waigete;kubis_cabbage_kw_qui;6;23;5;8;28;5.2
Waigete;tomat_tomato_kw_qui;7;364;98;49;6;5.2
Waigete;bawang_putih_garlic_kw_qui;8;-;-;-;-;5.2
Waigete;jahe_ginger_m2_m2;1;0;2;1;-;5.3
Waigete;laos_lengkuas_galanga_m2_m2;2;0;1;-;-;5.3
Waigete;kencur_east_indian_galangal_m2_m2;3;0;2;-;12;5.3
Waigete;kunyit_turmeric_m2_m2;4;0;2;-;38;5.3
Waigete;jahe_ginger_kg_kg;1;0;11;1;-;5.4
Waigete;laos_lengkuas_galanga_kg_kg;2;0;5;-;-;5.4
Waigete;kencur_east_indian_galangal_kg_kg;3;0;11;-;96;5.4
Waigete;kunyit_turmeric_kg_kg;4;0;11;-;96;5.4
Waigete;anggrek_pot_orchid_potted_orchid_m2_m2;1;NA;-;-;-;5.5
Waigete;anggrek_potong_cut_orchid_m2_m2;2;NA;-;-;-;5.5
Waigete;krisan_chrysantemum_m2_m2;3;-;-;-;-;5.5
Waigete;mawar_rose_m2_m2;4;-;-;-;-;5.5
Waigete;sedap_malam_tuberose_m2_m2;5;-;-;-;-;5.5
Waigete;anthurium_bunga_flamingo_lily_flower_m2_m2;6;-;-;-;-;5.5
Waigete;bugenvil_m2_m2;7;NA;-;-;-;5.5
Waigete;palem_palm_pohon_tree;8;-;-;-;-;5.5
Waigete;pedang_pedangan_sanseviera_m2_m2;9;-;-;-;-;5.5
Waigete;pisang_pisangan_heliconia_m2_m2;10;-;-;-;-;5.5
Waigete;puring_croton_m2_m2;11;NA;-;-;-;5.5
Waigete;soka_ixora_m2_m2;12;-;-;-;-;5.5
Waigete;sri_rejeki_aglaonema_m2_m2;13;-;-;-;-;5.5
Waigete;anggrek_potong_cut_orchid_tangkai_stalks;2;NA;-;-;-;5.6
Waigete;krisan_chrysantemum_tangkai_stalks;3;-;-;-;-;5.6
Waigete;mawar_rose_tangkai_stalks;4;-;-;-;-;5.6
Waigete;sedap_malam_tuberose_tangkai_stalks;5;-;-;-;-;5.6
Waigete;anthurium_bunga_flamingo_lily_flower_tangkai_stalks;6;-;-;-;-;5.6
Waigete;bugenvil_pohon_tree;7;NA;-;-;-;5.6
Waigete;palem_palm_pohon_tree;8;-;-;-;-;5.6
Waigete;pedang_pedangan_sanseviera_rumpun_clumps;9;-;-;-;-;5.6
Waigete;pisang_pisangan_heliconia_tangkai_stalks;10;-;-;-;-;5.6
Waigete;puring_croton_pohon_tree;11;NA;-;-;-;5.6
Waigete;soka_ixora_pohon_tree;12;-;-;-;-;5.6
Waigete;sri_rejeki_aglaonema_pohon_tree;13;-;-;-;-;5.6
Waigete;mangga_mango_kw_qui;1;6.500;2.340;571;507;5.7
Waigete;durian_durian_kw_qui;2;112;95;80;57;5.7
Waigete;jeruk_siam_keprok_orange_tangerine_kw_qui;3;57;70;17;55;5.7
Waigete;pisang_banana_kw_qui;4;41.060;13.140;2.900;1.595;5.7
Waigete;pepaya_papaya_kw_qui;5;14.300;8.001;1.593;1.398;5.7
Waigete;salak_snakefruit_kw_qui;6;485;650;62;10;5.7
Waigete;alpukat_avocado_kw_qui;7;5.500;1.727;134;48;5.7
Waigete;jambu_biji_guava_kw_qui;8;1.250;1.370;241;167;5.7
Waigete;nangka_cempedak_jackfruit_kw_qui;9;3.225;2.291;775;306;5.7
Waigete;nenas_pineapple_kw_qui;10;798;638;800;495;5.7
Waigete;rambutan_rambutan_kw_qui;11;386;550;360;274;5.7
Waigete;salak_snakefruit_kw_qui;12;485;650;62;10;5.7
Waigete;sirsak_soursop_kw_qui;13;2.756;1.965;262;134;5.7
NA;anggrek_pot_orchid_potted_orchid_pohon_tree;1;NA;NA;NA;NA;5.6
